,real,predict,bestPastDays,bestMa,ratio
2014-01-02,1561.1,1577.7932935336282,1.0,4.0,0.009934610204459463
2014-01-03,1536.07,1558.838076296519,,,
2014-01-06,1512.93,1535.4978679629862,,,
2014-01-07,1510.65,1512.4205269009428,,,
2014-01-08,1515.33,1509.637970557363,,,
2014-01-09,1503.88,1516.0412804464106,,,
2014-01-10,1498.27,1505.3610299354877,,,
2014-01-13,1494.61,1497.352620625973,,,
2014-01-14,1499.29,1494.8604630784398,,,
2014-01-15,1488.51,1498.650483867881,,,
2014-01-16,1493.09,1486.7205931036851,,,
2014-01-17,1475.67,1493.7895311965228,,,
2014-01-20,1464.84,1474.7471221059184,,,
2014-01-21,1478.88,1463.3433696414486,,,
2014-01-22,1514.12,1479.7035532767322,,,
2014-01-23,1499.03,1516.9547361303892,,,
2014-01-24,1502.06,1498.968476947363,,,
2014-01-27,1478.87,1503.822436185614,,,
2014-01-28,1487.8,1477.6240642490432,,,
2014-01-29,1494.49,1486.445477945126,,,
2014-01-30,1477.35,1492.873798998095,,,
2014-02-07,1475.34,1475.551564636098,,,
2014-02-10,1505.83,1472.9800959816096,,,
2014-02-11,1528.32,1507.9099729875968,,,
2014-02-12,1527.0,1533.2331456800093,,,
2014-02-13,1528.02,1528.0940533653145,,,
2014-02-14,1534.24,1533.4309241250157,,,
2014-02-17,1538.1,1533.5733068017403,,,
2014-02-18,1508.54,1538.6247073746756,,,
2014-02-19,1533.4,1509.5520182085547,,,
2014-02-20,1520.14,1537.677457509606,,,
2014-02-21,1505.33,1526.7446380117192,,,
2014-02-24,1468.06,1505.5557344326028,,,
2014-02-25,1440.89,1468.724550465676,,,
2014-02-26,1444.2,1443.592500355089,,,
2014-02-27,1452.46,1444.049383125217,,,
2014-02-28,1464.32,1454.8997579259287,,,
2014-03-03,1462.69,1465.744769740853,,,
2014-03-04,1464.28,1463.775223744927,,,
2014-03-05,1448.33,1464.7305294897758,,,
2014-03-06,1459.51,1448.4046419553968,,,
2014-03-07,1455.58,1461.0976459520539,,,
2014-03-10,1408.87,1458.2596284924998,,,
2014-03-11,1412.73,1410.856971284265,,,
2014-03-12,1418.7,1413.2383749848123,,,
2014-03-13,1437.39,1421.0557958173679,,,
2014-03-14,1426.4,1441.6940190867806,,,
2014-03-17,1434.16,1427.0520791256242,,,
2014-03-18,1427.63,1432.3272314436442,,,
2014-03-19,1418.71,1427.017544999863,,,
2014-03-20,1406.92,1416.3096078409246,,,
2014-03-21,1464.08,1410.3356227687516,,,
2014-03-24,1477.53,1474.1539307138817,,,
2014-03-25,1470.12,1482.720827137305,,,
2014-03-26,1467.08,1472.152152376727,,,
2014-03-27,1464.53,1466.977765079795,,,
2014-03-28,1472.05,1468.434234552901,,,
2014-03-31,1465.78,1474.7929912856189,,,
2014-04-01,1473.14,1465.5357597535522,,,
2014-04-02,1491.3,1473.8223974129448,,,
2014-04-03,1477.49,1492.1515911197807,,,
2014-04-04,1490.33,1480.2338354319772,,,
2014-04-08,1534.75,1490.0857276561796,,,
2014-04-09,1530.88,1543.8222317941936,,,
2014-04-10,1570.4,1531.3076221681902,,,
2014-04-11,1565.31,1581.0008491778556,,,
2014-04-14,1557.7,1568.0268200923813,,,
2014-04-15,1523.22,1557.237061321432,,,
2014-04-16,1527.05,1523.722524250736,,,
2014-04-17,1520.56,1527.6901257343823,,,
2014-04-18,1521.28,1519.1981070460047,,,
2014-04-21,1493.76,1520.3012686384757,,,
2014-04-22,1509.55,1496.821518784776,,,
2014-04-23,1507.04,1509.547005943665,,,
2014-04-24,1510.29,1506.9493659628301,,,
2014-04-25,1501.05,1511.3530301235633,,,
2014-04-28,1483.78,1502.530621735189,,,
2014-04-29,1496.01,1484.37273275349,,,
2014-04-30,1494.81,1495.2990950256456,,,
2014-05-05,1487.53,1493.3642821806586,,,
2014-05-06,1485.25,1486.0992267434194,,,
2014-05-07,1476.18,1486.0097810154334,,,
2014-05-08,1478.72,1474.9950804829487,,,
2014-05-09,1480.74,1481.9819741408355,,,
2014-05-12,1508.39,1479.2919495962938,,,
2014-05-13,1503.52,1510.558639856311,,,
2014-05-14,1500.82,1502.9439400681672,,,
2014-05-15,1488.77,1500.0069213117213,,,
2014-05-16,1487.74,1488.0281560463334,,,
2014-05-19,1459.21,1485.5463705625361,,,
2014-05-20,1460.82,1458.4614042761852,,,
2014-05-21,1474.14,1458.748439872556,,,
2014-05-22,1471.55,1473.2216465816718,,,
2014-05-23,1484.38,1474.4628158158105,,,
2014-05-26,1486.05,1482.8799538205374,,,
2014-05-27,1479.73,1484.3400490373353,,,
2014-05-28,1491.76,1478.2298418381429,,,
2014-05-29,1484.31,1490.7970103789598,,,
2014-05-30,1482.1,1483.701988895405,,,
2014-06-03,1477.52,1480.6512903917037,,,
2014-06-04,1466.39,1477.1752921421598,,,
2014-06-05,1484.24,1464.4285822164206,,,
2014-06-06,1472.27,1483.4556302125343,,,
2014-06-09,1475.35,1470.1856123330476,,,
2014-06-10,1493.53,1477.123606794874,,,
2014-06-11,1488.76,1493.0477251967989,,,
2014-06-12,1483.86,1486.7956556557203,,,
2014-06-13,1502.96,1482.1231586505069,,,
2014-06-16,1518.7,1505.0680823866812,,,
2014-06-17,1501.94,1520.0063703771136,,,
2014-06-18,1495.43,1500.4908499658554,,,
2014-06-19,1478.04,1493.9909336421429,,,
2014-06-20,1484.48,1478.1006555348604,,,
2014-06-23,1475.76,1482.5329476301742,,,
2014-06-24,1480.13,1474.9618410216021,,,
2014-06-25,1469.95,1478.3320068462326,,,
2014-06-26,1478.01,1467.3764168167097,,,
2014-06-27,1473.76,1476.603676918745,,,
2014-06-30,1482.41,1472.6350785792056,,,
2014-07-01,1481.66,1482.1660778914593,,,
2014-07-02,1484.84,1479.9652628984575,,,
2014-07-03,1489.55,1483.2498281203698,,,
2014-07-04,1492.46,1488.787280985905,,,
2014-07-07,1492.84,1491.0908811605702,,,
2014-07-08,1491.96,1491.530493096431,,,
2014-07-09,1475.14,1489.4681511333943,,,
2014-07-10,1471.17,1474.7728106737743,,,
2014-07-11,1468.54,1469.87452315704,,,
2014-07-14,1482.78,1468.333238830225,,,
2014-07-15,1484.66,1482.5809814339468,,,
2014-07-16,1483.18,1484.0994468132676,,,
2014-07-17,1473.67,1483.7638580563414,,,
2014-07-18,1478.76,1471.6424856357532,,,
2014-07-21,1479.84,1480.1352117788138,,,
2014-07-22,1495.93,1478.5402796654917,,,
2014-07-23,1506.76,1498.1920335456982,,,
2014-07-24,1541.9,1508.8854261573626,,,
2014-07-25,1557.02,1548.2240411709997,,,
2014-07-28,1609.48,1557.9760348031482,,,
2014-07-29,1611.85,1620.7110167516282,,,
2014-07-30,1601.38,1615.4315795453733,,,
2014-07-31,1621.85,1605.5883920310935,,,
2014-08-01,1607.97,1623.2773094493296,,,
2014-08-04,1644.63,1614.9446783272244,,,
2014-08-05,1632.41,1648.4803413720624,,,
2014-08-06,1619.01,1632.8063164827008,,,
2014-08-07,1593.42,1618.343949514186,,,
2014-08-08,1595.66,1595.7275911332401,,,
2014-08-11,1619.25,1594.754206954242,,,
2014-08-12,1607.91,1620.3649652248691,,,
2014-08-13,1610.14,1606.5326610728418,,,
2014-08-14,1596.84,1610.6469990586702,,,
2014-08-15,1612.0,1597.4182443560499,,,
2014-08-18,1613.13,1612.62494270787,,,
2014-08-19,1609.09,1613.7485874709698,,,
2014-08-20,1600.34,1607.8656020408848,,,
2014-08-21,1587.03,1598.4726852333747,,,
2014-08-22,1594.18,1586.1248748496043,,,
2014-08-25,1577.43,1593.483973427987,,,
2014-08-26,1573.39,1577.447476600611,,,
2014-08-27,1572.79,1573.3745150203683,,,
2014-08-28,1563.89,1571.0527384087368,,,
2014-08-29,1581.28,1564.2693683482028,,,
2014-09-01,1586.02,1580.514893950782,,,
2014-09-02,1607.5,1584.6050270775656,,,
2014-09-03,1624.03,1609.3939369783438,,,
2014-09-04,1637.29,1626.8412516684425,,,
2014-09-05,1656.24,1637.9715247630875,,,
2014-09-09,1645.11,1658.3266870083187,,,
2014-09-10,1629.99,1645.5530874185379,,,
2014-09-11,1622.81,1628.708688507103,,,
2014-09-12,1630.2,1627.4887932741176,,,
2014-09-15,1624.07,1629.4679406885145,,,
2014-09-16,1600.92,1622.887534308222,,,
2014-09-17,1604.92,1605.0902777041717,,,
2014-09-18,1609.87,1603.7701601591468,,,
2014-09-19,1619.58,1611.2788014659152,,,
2014-09-22,1583.89,1620.2187453484246,,,
2014-09-23,1595.64,1585.204007294312,,,
2014-09-24,1625.73,1595.3899684905048,,,
2014-09-25,1618.52,1631.1224755720139,,,
2014-09-26,1616.09,1620.4402271961958,,,
2014-09-29,1621.82,1614.7026346954658,,,
2014-09-30,1619.7,1622.6590555442438,,,
2014-10-08,1633.57,1619.3448593224625,,,
2014-10-09,1634.04,1633.851590682981,,,
2014-10-10,1621.71,1634.9259728236327,,,
2014-10-13,1605.99,1622.2149413220827,,,
2014-10-14,1600.3,1604.9945812493172,,,
2014-10-15,1612.77,1602.0118988353067,,,
2014-10-16,1608.74,1613.739318862283,,,
2014-10-17,1608.52,1615.551081581537,,,
2014-10-20,1612.4,1610.0675638283258,,,
2014-10-21,1600.84,1611.1687867879393,,,
2014-10-22,1597.13,1601.3461747520096,,,
2014-10-23,1586.56,1598.6785693188513,,,
2014-10-24,1583.42,1588.5836624986016,,,
2014-10-27,1559.91,1583.0652400361607,,,
2014-10-28,1585.74,1558.8421738262095,,,
2014-10-29,1608.4,1586.9665398961897,,,
2014-10-30,1619.1,1612.4521036069743,,,
2014-10-31,1657.29,1623.0150115887711,,,
2014-11-03,1651.05,1668.8554927910407,,,
2014-11-04,1645.62,1654.9059092965533,,,
2014-11-05,1637.63,1648.2567982285293,,,
2014-11-06,1635.96,1639.6920934905443,,,
2014-11-07,1640.32,1636.3292859214555,,,
2014-11-10,1689.02,1650.4811998260175,,,
2014-11-11,1710.88,1696.303936657719,,,
2014-11-12,1731.02,1731.0750828361759,,,
2014-11-13,1726.34,1737.568320089976,,,
2014-11-14,1728.81,1735.5580057127165,,,
2014-11-17,1708.1,1731.3450843092353,,,
2014-11-18,1679.42,1714.6024939435813,,,
2014-11-19,1671.65,1682.9702408029655,,,
2014-11-20,1676.6,1672.3876912847923,,,
2014-11-21,1714.71,1678.1368630224922,,,
2014-11-24,1758.1,1720.822526261506,,,
2014-11-25,1777.67,1772.997382064734,,,
2014-11-26,1820.49,1784.4255742938115,,,
2014-11-27,1853.0,1830.7330099248918,,,
2014-11-28,1914.44,1862.8548999793938,,,
2014-12-01,1920.38,1935.9301559517555,,,
2014-12-02,2021.54,1943.5500134499116,,,
2014-12-03,2037.58,2051.973502267111,,,
2014-12-04,2160.66,2072.4645205815914,,,
2014-12-05,2200.25,2189.014312291739,,,
2014-12-08,2298.85,2233.2577350307256,,,
2014-12-09,2182.69,2332.956989961127,,,
2014-12-10,2254.82,2246.3537660271622,,,
2014-12-11,2193.54,2274.5209870779063,,,
2014-12-12,2193.29,2218.4501560788767,,,
2014-12-15,2201.54,2212.970032613758,,,
2014-12-16,2299.28,2209.9114925812064,,,
2014-12-17,2383.95,2319.894595828696,,,
2014-12-18,2364.04,2410.700006847178,,,
2014-12-19,2390.28,2383.334122916778,,,
2014-12-22,2426.68,2405.4700271018473,,,
2014-12-23,2374.95,2460.6906941349134,,,
2014-12-24,2270.88,2400.6740724213196,,,
2014-12-25,2359.66,2286.9079234689298,,,
2014-12-26,2464.82,2370.7518372762042,,,
2014-12-29,2481.66,2487.8307362367013,,,
2014-12-30,2523.63,2506.181533994778,,,
2014-12-31,2581.57,2543.912359642607,,,
2015-01-05,2649.64,2599.0138697416837,,,
2015-01-06,2629.4,2673.9495828538024,,,
2015-01-07,2635.23,2656.7869572590585,,,
2015-01-08,2558.11,2651.1562789684863,,,
2015-01-09,2569.02,2572.7904918211957,,,
2015-01-12,2543.85,2607.7829928736874,,,
2015-01-13,2527.83,2556.0044337571467,,,
2015-01-14,2534.23,2534.399014266014,,,
2015-01-15,2632.89,2541.2596839596554,,,
2015-01-16,2653.03,2647.302923676988,,,
2015-01-19,2410.2,2669.2377390698225,,,
2015-01-20,2403.72,2433.25387450452,,,
2015-01-21,2542.32,2418.0235944724836,,,
2015-01-22,2544.31,2565.671198017814,,,
2015-01-23,2564.51,2552.0510961004716,,,
2015-01-26,2562.36,2583.1161976253943,,,
2015-01-27,2522.1,2563.8287209743944,,,
2015-01-28,2486.28,2530.7127230688966,,,
2015-01-29,2442.04,2495.6373948467854,,,
2015-01-30,2405.38,2445.421741656254,,,
2015-02-02,2332.53,2412.922139782593,,,
2015-02-03,2405.76,2341.495993254287,,,
2015-02-04,2372.46,2411.9964953577505,,,
2015-02-05,2348.92,2383.524490398199,,,
2015-02-06,2325.24,2365.2186410966365,,,
2015-02-09,2366.77,2332.6530690316154,,,
2015-02-10,2403.55,2377.7417591345566,,,
2015-02-11,2415.13,2408.924816187552,,,
2015-02-12,2416.45,2415.2568969727554,,,
2015-02-13,2427.47,2416.3798770572866,,,
2015-02-16,2431.21,2437.165985806566,,,
2015-02-17,2445.26,2431.2723293809654,,,
2015-02-25,2407.46,2448.8305930243555,,,
2015-02-26,2478.06,2409.5764905169503,,,
2015-02-27,2474.6,2489.0647616509264,,,
2015-03-02,2479.24,2481.4482870242414,,,
2015-03-03,2396.8,2482.967333170796,,,
2015-03-04,2397.99,2404.348092753798,,,
2015-03-05,2366.9,2398.5384178497075,,,
2015-03-06,2371.62,2367.7452195551487,,,
2015-03-09,2429.87,2375.351632665722,,,
2015-03-10,2395.43,2444.4568176931557,,,
2015-03-11,2408.5,2400.3887195969073,,,
2015-03-12,2485.11,2417.2590878084675,,,
2015-03-13,2495.28,2500.70344822443,,,
2015-03-16,2550.86,2508.1840284757154,,,
2015-03-17,2583.2,2558.6099788837223,,,
2015-03-18,2649.64,2591.8182210252976,,,
2015-03-19,2630.24,2664.9049727167835,,,
2015-03-20,2680.68,2638.717626368519,,,
2015-03-23,2720.67,2700.182319799428,,,
2015-03-24,2683.65,2731.4144707695805,,,
2015-03-25,2649.16,2695.193769611779,,,
2015-03-26,2687.76,2660.105095374953,,,
2015-03-27,2689.24,2704.273300771712,,,
2015-03-30,2784.46,2698.4560439314637,,,
2015-03-31,2754.66,2806.4104977517036,,,
2015-04-01,2799.45,2781.7391876212723,,,
2015-04-02,2781.64,2811.019190801627,,,
2015-04-03,2817.18,2789.5656106382216,,,
2015-04-07,2889.45,2824.7037280458007,,,
2015-04-08,2952.08,2902.339964250852,,,
2015-04-09,2931.77,2970.274853148694,,,
2015-04-10,2986.61,2958.0342960048965,,,
2015-04-13,3041.12,2999.642828073951,,,
2015-04-14,3052.41,3054.97310639518,,,
2015-04-15,3053.3,3064.515532187361,,,
2015-04-16,3183.3,3078.3815716580348,,,
2015-04-17,3235.33,3206.7236897534754,,,
2015-04-20,3164.46,3256.1503518756986,,,
2015-04-21,3214.36,3201.9628754081577,,,
2015-04-22,3299.22,3228.0488648327923,,,
2015-04-23,3273.4,3319.587444719493,,,
2015-04-24,3223.96,3286.170216864754,,,
2015-04-27,3308.45,3236.2665983732954,,,
2015-04-28,3282.33,3325.9070595875,,,
2015-04-29,3283.28,3318.2308370977726,,,
2015-04-30,3250.49,3293.094996354867,,,
2015-05-04,3272.0,3262.4306766290338,,,
2015-05-05,3148.81,3275.1640174371337,,,
2015-05-06,3139.02,3167.4078213200078,,,
2015-05-07,3094.88,3161.4817329604675,,,
2015-05-08,3110.45,3101.4992575548963,,,
2015-05-11,3169.13,3112.1138855422537,,,
2015-05-12,3188.31,3177.676084619325,,,
2015-05-13,3141.3,3196.532959063707,,,
2015-05-14,3128.57,3146.705884894305,,,
2015-05-15,3060.41,3131.6147094771754,,,
2015-05-18,2998.39,3065.721530013068,,,
2015-05-19,3116.09,3000.7104812296925,,,
2015-05-20,3122.85,3131.558515877737,,,
2015-05-21,3150.9,3138.9791246932787,,,
2015-05-22,3248.86,3152.9024322303217,,,
2015-05-25,3349.95,3262.3182191815035,,,
2015-05-26,3386.59,3367.0751144329824,,,
2015-05-27,3344.74,3392.232711572006,,,
2015-05-28,3124.62,3356.4673622907176,,,
2015-05-29,3111.33,3154.7537827450856,,,
2015-06-01,3244.32,3118.3488365667763,,,
2015-06-02,3258.31,3261.650670060588,,,
2015-06-03,3238.43,3265.9492086986634,,,
2015-06-04,3299.03,3242.8762796944156,,,
2015-06-05,3303.99,3314.062437244871,,,
2015-06-08,3458.71,3320.5017300993813,,,
2015-06-09,3414.0,3491.986998275138,,,
2015-06-10,3370.38,3435.501198765751,,,
2015-06-11,3347.12,3384.928791720557,,,
2015-06-12,3350.25,3352.831483753335,,,
2015-06-15,3262.48,3355.991734305966,,,
2015-06-16,3179.65,3279.20612130033,,,
2015-06-17,3211.71,3197.229911742847,,,
2015-06-18,3068.49,3218.7059398599854,,,
2015-06-19,2903.06,3081.7987814268863,,,
2015-06-23,3003.16,2924.6953325236445,,,
2015-06-24,3045.24,3013.695078754313,,,
2015-06-25,2943.99,3054.6147897131286,,,
2015-06-26,2736.7,2967.1891014348453,,,
2015-06-29,2678.37,2774.980466365496,,,
2015-06-30,2870.03,2702.9769543774387,,,
2015-07-01,2736.85,2899.078088351801,,,
2015-07-02,2714.25,2753.8276577581946,,,
2015-07-03,2582.27,2729.270654494108,,,
2015-07-06,2750.0,2604.515874472037,,,
2015-07-07,2812.45,2765.6598955245863,,,
2015-07-08,2608.98,2843.747929066986,,,
2015-07-09,2781.08,2654.801012054339,,,
2015-07-10,2898.41,2825.6905037383026,,,
2015-07-13,2869.05,2946.9012686754013,,,
2015-07-14,2763.07,2890.921369972819,,,
2015-07-15,2757.95,2772.820003167602,,,
2015-07-16,2742.85,2766.8134224140895,,,
2015-07-17,2807.06,2746.027602391986,,,
2015-07-20,2783.76,2816.541166725419,,,
2015-07-21,2772.77,2785.14435414198,,,
2015-07-22,2739.79,2776.117304080119,,,
2015-07-23,2790.76,2739.188629765909,,,
2015-07-24,2741.04,2794.0881267339423,,,
2015-07-27,2493.29,2744.5329115346726,,,
2015-07-28,2485.67,2511.8447916020536,,,
2015-07-29,2531.44,2501.409440446437,,,
2015-07-30,2467.37,2532.9970254702985,,,
2015-07-31,2461.24,2473.0635887024896,,,
2015-08-03,2479.72,2463.927043546215,,,
2015-08-04,2534.71,2482.066927281462,,,
2015-08-05,2487.06,2537.6337157853495,,,
2015-08-06,2467.52,2486.737923023438,,,
2015-08-07,2503.8,2471.075237338884,,,
2015-08-10,2617.66,2503.1834663113464,,,
2015-08-11,2590.71,2629.0600818843423,,,
2015-08-12,2561.13,2591.1821171243478,,,
2015-08-13,2580.78,2563.3449540537085,,,
2015-08-14,2577.04,2578.8097599778425,,,
2015-08-17,2550.47,2573.1440098202643,,,
2015-08-18,2407.97,2546.1128486299626,,,
2015-08-19,2430.28,2420.788811156789,,,
2015-08-20,2356.92,2434.024093754412,,,
2015-08-21,2271.36,2359.1506270472746,,,
2015-08-24,2058.25,2278.6977305438527,,,
2015-08-25,1914.05,2070.619627022623,,,
2015-08-26,1942.45,1937.5465196900368,,,
2015-08-27,2094.72,1963.964197985584,,,
2015-08-28,2159.96,2110.777793584942,,,
2015-08-31,2210.45,2168.1322845331765,,,
2015-09-01,2230.32,2222.7271342514728,,,
2015-09-02,2243.63,2245.3339149799813,,,
2015-09-07,2133.98,2260.9331985724966,,,
2015-09-08,2180.13,2145.553137151614,,,
2015-09-09,2211.2,2186.742961307962,,,
2015-09-10,2208.48,2214.8961269979973,,,
2015-09-11,2195.39,2209.8881330217882,,,
2015-09-14,2228.15,2194.723495263828,,,
2015-09-15,2175.17,2229.9092859816387,,,
2015-09-16,2241.95,2173.6096937251564,,,
2015-09-17,2194.82,2256.9010663388544,,,
2015-09-18,2198.99,2201.0847427974163,,,
2015-09-21,2214.45,2198.9282463911672,,,
2015-09-22,2237.31,2214.42837854498,,,
2015-09-23,2178.55,2239.7644224811575,,,
2015-09-24,2188.09,2178.0045948086727,,,
2015-09-25,2183.4,2184.1894341573543,,,
2015-09-28,2169.94,2180.552829153087,,,
2015-09-29,2127.2,2165.4743053401285,,,
2015-09-30,2146.12,2123.973747067438,,,
2015-10-08,2191.34,2144.889475154741,,,
2015-10-09,2219.29,2190.081944925573,,,
2015-10-12,2283.43,2218.040210133016,,,
2015-10-13,2270.95,2293.368708974633,,,
2015-10-14,2253.91,2268.195471054584,,,
2015-10-15,2297.9,2253.8651616986563,,,
2015-10-16,2323.78,2298.753369220084,,,
2015-10-19,2318.47,2322.2185982725555,,,
2015-10-20,2337.08,2318.2524954967485,,,
2015-10-21,2340.36,2335.2879692515503,,,
2015-10-22,2331.79,2345.065367025613,,,
2015-10-23,2343.96,2331.4742339628274,,,
2015-10-26,2350.02,2341.1989563155544,,,
2015-10-27,2349.9,2349.457851502133,,,
2015-10-28,2310.7,2346.3452547029265,,,
2015-10-29,2307.35,2307.946448940753,,,
2015-10-30,2312.97,2302.8921247598914,,,
2015-11-02,2280.09,2312.6014849650933,,,
2015-11-03,2271.65,2278.9845494983456,,,
2015-11-04,2370.5,2268.513494005611,,,
2015-11-05,2440.65,2379.736745628097,,,
2015-11-06,2493.48,2464.626010986568,,,
2015-11-09,2534.08,2501.2709274875265,,,
2015-11-10,2522.68,2549.6621287877256,,,
2015-11-11,2505.83,2529.0843201884722,,,
2015-11-12,2476.43,2501.6025279105256,,,
2015-11-13,2447.77,2473.654872825521,,,
2015-11-16,2447.29,2447.8819060208807,,,
2015-11-17,2453.26,2445.6214610202614,,,
2015-11-18,2439.45,2460.031450022034,,,
2015-11-19,2468.49,2439.073633050428,,,
2015-11-20,2466.76,2465.235276042952,,,
2015-11-23,2456.84,2463.7254857337953,,,
2015-11-24,2447.9,2455.212870021985,,,
2015-11-25,2459.56,2442.0215471314846,,,
2015-11-26,2450.96,2455.5379346873656,,,
2015-11-27,2334.44,2448.663022700974,,,
2015-11-30,2336.29,2338.2480451814654,,,
2015-12-01,2344.83,2335.0343083387083,,,
2015-12-02,2458.41,2344.703058540846,,,
2015-12-03,2461.45,2472.2104926020816,,,
2015-12-04,2397.56,2464.7382836189267,,,
2015-12-07,2395.58,2395.8541450059283,,,
2015-12-08,2364.34,2390.0528225267158,,,
2015-12-09,2369.74,2359.957433060759,,,
2015-12-10,2357.21,2367.8463584028786,,,
2015-12-11,2342.45,2358.6401569835516,,,
2015-12-14,2414.92,2338.502191757076,,,
2015-12-15,2383.83,2423.2450652115463,,,
2015-12-16,2376.54,2379.8375410396534,,,
2015-12-17,2408.32,2371.7209808100192,,,
2015-12-18,2422.83,2408.052496971542,,,
2015-12-21,2500.06,2428.899059852469,,,
2015-12-22,2496.05,2510.0817965836363,,,
2015-12-23,2503.06,2491.9539695356107,,,
2015-12-24,2481.75,2508.7763730983884,,,
2015-12-25,2492.34,2478.4119638246493,,,
2015-12-28,2411.41,2486.846152082582,,,
2015-12-29,2432.88,2413.271186829488,,,
2015-12-30,2432.77,2429.1723542561103,,,
2015-12-31,2420.8,2426.1323624468505,,,
2016-01-04,2270.46,2416.6461810682613,,,
2016-01-05,2288.11,2275.5817747835154,,,
2016-01-06,2317.65,2294.3512355933703,,,
2016-01-07,2180.59,2316.1964429495706,,,
2016-01-08,2219.61,2182.258065511508,,,
2016-01-11,2120.23,2220.1103137228106,,,
2016-01-12,2131.37,2124.6671864403097,,,
2016-01-13,2105.51,2129.7611190204334,,,
2016-01-14,2132.08,2105.3247432432468,,,
2016-01-15,2070.93,2137.7201494673395,,,
2016-01-18,2069.27,2071.8313477377424,,,
2016-01-19,2128.57,2073.6746753239977,,,
2016-01-20,2088.72,2131.8020763938407,,,
2016-01-21,2040.98,2087.924618456636,,,
2016-01-22,2061.96,2049.0629403131497,,,
2016-01-25,2065.44,2058.8311197270655,,,
2016-01-26,1951.61,2062.0880823916723,,,
2016-01-27,1953.46,1955.7128272187695,,,
2016-01-28,1912.72,1951.0270382574433,,,
2016-01-29,1973.01,1914.9018293473323,,,
2016-02-01,1937.07,1979.9515236293903,,,
2016-02-02,1969.62,1935.8345020537188,,,
2016-02-03,1952.37,1972.1668095705568,,,
2016-02-04,1974.24,1948.9246569680788,,,
2016-02-05,1967.26,1973.7472844972776,,,
2016-02-15,1948.28,1965.3208846926514,,,
2016-02-16,2000.9,1950.5845544162794,,,
2016-02-17,2014.44,2003.4483964451229,,,
2016-02-18,2009.27,2013.7590336859919,,,
2016-02-19,2004.11,2008.892990746682,,,
2016-02-22,2053.86,2001.4744800371616,,,
2016-02-23,2029.52,2055.60730226997,,,
2016-02-24,2041.39,2026.3274968734145,,,
2016-02-25,1932.6,2039.3114610971368,,,
2016-02-26,1955.4,1936.670062515129,,,
2016-02-29,1944.61,1954.2483052136615,,,
2016-03-01,1973.19,1939.8625872055568,,,
2016-03-02,2043.41,1976.233085469814,,,
2016-03-03,2053.27,2048.2123350546985,,,
2016-03-04,2122.27,2051.0276487368856,,,
2016-03-07,2107.67,2129.760101252336,,,
2016-03-08,2115.16,2106.577119907719,,,
2016-03-09,2111.92,2110.5824988138174,,,
2016-03-10,2061.45,2111.619679043341,,,
2016-03-11,2070.72,2061.8846433235713,,,
2016-03-14,2078.41,2069.3469653135303,,,
2016-03-15,2101.12,2082.802795761237,,,
2016-03-16,2136.13,2099.6887476731627,,,
2016-03-17,2131.48,2139.3527560241423,,,
2016-03-18,2141.18,2131.615101438451,,,
2016-03-21,2193.39,2142.2094296515993,,,
2016-03-22,2173.26,2198.613307769399,,,
2016-03-23,2175.28,2172.2864168046635,,,
2016-03-24,2137.59,2172.941103227714,,,
2016-03-25,2149.2,2134.221322913922,,,
2016-03-28,2123.03,2147.20521402541,,,
2016-03-29,2106.86,2123.422465180487,,,
2016-03-30,2157.53,2104.689703318052,,,
2016-03-31,2156.54,2157.469978909913,,,
2016-04-01,2167.78,2153.32000124827,,,
2016-04-05,2180.26,2163.1256555937366,,,
2016-04-06,2168.04,2180.2857872037894,,,
2016-04-07,2139.4,2164.5779320967545,,,
2016-04-08,2123.8,2137.4283936719617,,,
2016-04-11,2148.44,2120.0863200227195,,,
2016-04-12,2143.9,2148.9637515981362,,,
2016-04-13,2171.31,2139.3341351374656,,,
2016-04-14,2178.87,2174.653319222848,,,
2016-04-15,2182.07,2175.3531506858653,,,
2016-04-18,2158.23,2178.467152159252,,,
2016-04-19,2163.61,2154.029957670032,,,
2016-04-20,2154.89,2159.1696593407755,,,
2016-04-21,2147.72,2149.5291583272483,,,
2016-04-22,2157.72,2149.194295671589,,,
2016-04-25,2148.28,2156.08843168432,,,
2016-04-26,2155.79,2144.1462396440747,,,
2016-04-27,2145.38,2153.2088485768804,,,
2016-04-28,2142.06,2141.234289575183,,,
2016-04-29,2135.51,2138.5133642275105,,,
2016-05-03,2158.27,2132.53261326515,,,
2016-05-04,2152.93,2158.026992973069,,,
2016-05-05,2152.88,2149.128816355962,,,
2016-05-06,2107.01,2148.4097751601307,,,
2016-05-09,2072.47,2105.76488199396,,,
2016-05-10,2072.38,2069.3938734670346,,,
2016-05-11,2078.41,2071.6613133153483,,,
2016-05-12,2084.84,2075.777450381781,,,
2016-05-13,2076.19,2082.901612992577,,,
2016-05-16,2082.62,2073.8773973304815,,,
2016-05-17,2075.47,2079.327928506038,,,
2016-05-18,2078.76,2071.3564701006685,,,
2016-05-19,2073.8,2075.632056351421,,,
2016-05-20,2083.12,2071.2190790334766,,,
2016-05-23,2082.41,2080.1780502199276,,,
2016-05-24,2066.64,2080.3103386446387,,,
2016-05-25,2071.91,2062.637828259776,,,
2016-05-26,2076.14,2068.563228721487,,,
2016-05-27,2074.92,2073.36768236603,,,
2016-05-30,2092.16,2071.0813331502864,,,
2016-05-31,2155.66,2089.223361070338,,,
2016-06-01,2138.96,2159.6822159517533,,,
2016-06-02,2137.65,2136.01950059675,,,
2016-06-03,2152.64,2133.6651036166877,,,
2016-06-06,2136.32,2148.8352056753597,,,
2016-06-07,2139.07,2132.3428615256275,,,
2016-06-08,2132.96,2134.7656949344364,,,
2016-06-13,2084.3,2128.1250758253964,,,
2016-06-14,2095.02,2083.584197505414,,,
2016-06-15,2106.63,2092.3797648112536,,,
2016-06-16,2094.81,2107.9634643954682,,,
2016-06-17,2102.2,2092.1389127308616,,,
2016-06-20,2104.22,2101.467712645189,,,
2016-06-21,2104.56,2099.459030356392,,,
2016-06-22,2115.77,2105.0481063449433,,,
2016-06-23,2105.53,2112.573691752607,,,
2016-06-24,2076.3,2100.913040000825,,,
2016-06-27,2095.89,2075.5020725647732,,,
2016-06-28,2102.05,2094.1296683844103,,,
2016-06-29,2122.97,2099.0917255970944,,,
2016-06-30,2122.63,2120.576940273314,,,
2016-07-01,2127.09,2119.3790201325055,,,
2016-07-04,2163.29,2123.758102049684,,,
2016-07-05,2168.86,2164.8407132732887,,,
2016-07-06,2167.1,2165.879855229891,,,
2016-07-07,2166.88,2161.7132780616867,,,
2016-07-08,2148.76,2163.3072384112734,,,
2016-07-11,2155.72,2144.261325455239,,,
2016-07-12,2200.35,2156.2621342531525,,,
2016-07-13,2197.79,2200.7630790232747,,,
2016-07-14,2195.23,2199.67025846686,,,
2016-07-15,2192.39,2189.821778322934,,,
2016-07-18,2187.98,2187.5182635517203,,,
2016-07-19,2175.4,2186.7436950567317,,,
2016-07-20,2167.12,2170.8748719022146,,,
2016-07-21,2177.78,2162.7154343692587,,,
2016-07-22,2157.23,2175.541407870796,,,
2016-07-25,2159.55,2153.1293114579526,,,
2016-07-26,2182.5,2156.4017043053245,,,
2016-07-27,2173.97,2180.116264176388,,,
2016-07-28,2163.81,2165.298297831505,,,
2016-07-29,2155.24,2160.833675925557,,,
2016-08-01,2147.56,2150.827520471017,,,
2016-08-02,2148.45,2142.356215259015,,,
2016-08-03,2145.79,2143.1530187286585,,,
2016-08-04,2143.84,2141.7352427725364,,,
2016-08-05,2148.68,2137.260263994296,,,
2016-08-08,2159.67,2146.509335589051,,,
2016-08-09,2175.35,2154.5891533743193,,,
2016-08-10,2170.1,2172.046684104152,,,
2016-08-11,2177.06,2166.103324783108,,,
2016-08-12,2222.49,2181.2812384368694,,,
2016-08-15,2287.66,2222.297213275269,,,
2016-08-16,2257.7,2296.5686692524605,,,
2016-08-17,2253.74,2257.298251803415,,,
2016-08-18,2244.72,2249.936682304478,,,
2016-08-19,2249.34,2244.794381391893,,,
2016-08-22,2237.13,2244.65236311976,,,
2016-08-23,2241.95,2233.1744103105298,,,
2016-08-24,2232.21,2240.7247355419013,,,
2016-08-25,2222.15,2227.036032440835,,,
2016-08-26,2219.31,2214.9926445646715,,,
2016-08-29,2214.26,2215.864235094738,,,
2016-08-30,2224.06,2208.0436110379155,,,
2016-08-31,2232.71,2220.8325281165694,,,
2016-09-01,2220.4,2229.147572144482,,,
2016-09-02,2229.89,2216.660022993475,,,
2016-09-05,2228.72,2225.960617077021,,,
2016-09-06,2232.45,2225.4656394351764,,,
2016-09-07,2236.55,2228.7912167546347,,,
2016-09-08,2236.63,2233.7045611106923,,,
2016-09-09,2229.31,2231.0537754675393,,,
2016-09-12,2199.98,2225.2821095590343,,,
2016-09-13,2193.19,2192.144129012456,,,
2016-09-14,2176.52,2187.2718385083385,,,
2016-09-19,2189.46,2171.9364654202745,,,
2016-09-20,2184.21,2185.416865385965,,,
2016-09-21,2187.15,2178.630802253426,,,
2016-09-22,2200.7,2182.6263632759874,,,
2016-09-23,2196.29,2198.2848289279104,,,
2016-09-26,2167.26,2191.0440679176963,,,
2016-09-27,2176.45,2163.1569750113777,,,
2016-09-28,2166.72,2172.14630646016,,,
2016-09-29,2175.37,2161.519897864381,,,
2016-09-30,2177.35,2172.449437856694,,,
2016-10-10,2202.87,2173.6974226077587,,,
2016-10-11,2209.23,2199.242195582666,,,
2016-10-12,2201.0,2204.612416751945,,,
2016-10-13,2202.12,2195.0371934857403,,,
2016-10-14,2209.81,2196.4736601272753,,,
2016-10-17,2192.88,2205.305910272376,,,
2016-10-18,2222.78,2188.3662068070207,,,
2016-10-19,2221.53,2221.5647790790454,,,
2016-10-20,2223.42,2217.9299070771112,,,
2016-10-21,2240.75,2218.89703841526,,,
2016-10-24,2270.95,2239.1023791069197,,,
2016-10-25,2266.17,2272.596706723296,,,
2016-10-26,2257.12,2261.144265008108,,,
2016-10-27,2250.26,2252.2700559380287,,,
2016-10-28,2253.8,2244.30209400697,,,
2016-10-31,2250.47,2253.087198760376,,,
2016-11-01,2263.48,2244.4022489523218,,,
2016-11-02,2244.74,2258.620116471535,,,
2016-11-03,2273.63,2240.217005795948,,,
2016-11-04,2271.93,2274.441658994039,,,
2016-11-07,2276.95,2269.4309858401916,,,
2016-11-08,2282.42,2271.546213017059,,,
2016-11-09,2263.92,2279.0896939415675,,,
2016-11-10,2289.45,2257.376539795581,,,
2016-11-11,2308.43,2287.130839361399,,,
2016-11-14,2317.77,2307.626558458217,,,
2016-11-15,2310.9,2319.8971234461437,,,
2016-11-16,2309.94,2305.566536292416,,,
2016-11-17,2316.72,2303.7507870251115,,,
2016-11-18,2307.27,2311.067463691708,,,
2016-11-21,2334.68,2303.079138746927,,,
2016-11-22,2353.0,2337.2467054390145,,,
2016-11-23,2360.34,2350.8067720963363,,,
2016-11-24,2368.73,2359.251840406159,,,
2016-11-25,2393.95,2367.8943159051455,,,
2016-11-28,2403.14,2389.082693304872,,,
2016-11-29,2441.58,2403.3024236561855,,,
2016-11-30,2419.41,2444.8761081457583,,,
2016-12-01,2431.31,2416.3296113782562,,,
2016-12-02,2416.51,2430.992993448521,,,
2016-12-05,2375.26,2410.5895456496874,,,
2016-12-06,2368.68,2370.422783846872,,,
2016-12-07,2376.92,2365.336050059573,,,
2016-12-08,2379.0,2370.61949546413,,,
2016-12-09,2411.31,2374.080641000434,,,
2016-12-12,2387.16,2412.947269204957,,,
2016-12-13,2372.93,2384.675407477569,,,
2016-12-14,2360.38,2367.3729077977646,,,
2016-12-15,2309.82,2359.025717826639,,,
2016-12-16,2302.32,2307.696669418491,,,
2016-12-19,2291.38,2299.237240301553,,,
2016-12-20,2279.68,2286.4015357451894,,,
2016-12-21,2297.37,2273.2531138689596,,,
2016-12-22,2292.04,2295.3339500864904,,,
2016-12-23,2278.48,2286.227722245699,,,
2016-12-26,2294.71,2272.92688836411,,,
2016-12-27,2286.96,2290.700411524708,,,
2016-12-28,2277.18,2283.6440543626577,,,
2016-12-29,2275.11,2271.7967774455838,,,
2016-12-30,2286.9,2270.434679232772,,,
2017-01-03,2307.89,2280.1688261182194,,,
2017-01-04,2322.21,2302.295823357961,,,
2017-01-05,2322.68,2315.507737026334,,,
2017-01-06,2308.94,2315.046028318229,,,
2017-01-09,2318.34,2302.5578749926854,,,
2017-01-10,2312.6,2312.215873763704,,,
2017-01-11,2300.47,2305.808336637952,,,
2017-01-12,2295.4,2294.664167840042,,,
2017-01-13,2308.06,2290.1504357751064,,,
2017-01-16,2337.39,2302.982462178691,,,
2017-01-17,2329.6,2333.992469962643,,,
2017-01-18,2342.78,2321.396184149511,,,
2017-01-19,2334.96,2336.054976223295,,,
2017-01-20,2347.18,2328.9149718397034,,,
2017-01-23,2347.1,2339.8193845123246,,,
2017-01-24,2352.42,2339.4358267751077,,,
2017-01-25,2358.7,2344.680233337214,,,
2017-01-26,2364.02,2350.2872992928797,,,
2017-02-03,2339.99,2356.740532927614,,,
2017-02-06,2343.97,2332.1494454021604,,,
2017-02-07,2337.53,2336.2917037161133,,,
2017-02-08,2346.43,2329.6193419250326,,,
2017-02-09,2354.9,2338.6285119996355,,,
2017-02-10,2368.18,2349.2732310701995,,,
2017-02-13,2379.31,2362.580842500534,,,
2017-02-14,2373.51,2372.6123450491,,,
2017-02-15,2372.19,2364.7359864169434,,,
2017-02-16,2376.76,2366.630219076178,,,
2017-02-17,2362.71,2368.87432260971,,,
2017-02-20,2394.12,2357.263344445795,,,
2017-02-21,2396.88,2389.6383267382207,,,
2017-02-22,2398.19,2390.5843584514278,,,
2017-02-23,2387.42,2388.86793779884,,,
2017-02-24,2389.88,2379.471355867316,,,
2017-02-27,2370.56,2381.4999651157673,,,
2017-02-28,2370.71,2363.0760426760403,,,
2017-03-01,2371.93,2363.4116664777775,,,
2017-03-02,2354.91,2365.8154106348493,,,
2017-03-03,2347.15,2347.8885007057665,,,
2017-03-06,2349.89,2339.1989186010887,,,
2017-03-07,2356.29,2342.7478671185722,,,
2017-03-08,2358.07,2348.187023651022,,,
2017-03-09,2346.55,2350.825654854807,,,
2017-03-10,2339.23,2338.322426757653,,,
2017-03-13,2354.89,2331.708368450827,,,
2017-03-14,2354.9,2347.562325204178,,,
2017-03-15,2357.31,2346.6664947909826,,,
2017-03-16,2369.19,2348.721524668569,,,
2017-03-17,2346.96,2362.8911844743125,,,
2017-03-20,2350.07,2340.1513540267742,,,
2017-03-21,2357.14,2342.1971934296876,,,
2017-03-22,2338.55,2349.794081531842,,,
2017-03-23,2347.43,2332.087075327922,,,
2017-03-24,2365.6,2341.3599344588415,,,
2017-03-27,2364.43,2360.2347035221305,,,
2017-03-28,2356.31,2359.4193948722645,,,
2017-03-29,2352.69,2348.271506386209,,,
2017-03-30,2346.67,2346.0645484487186,,,
2017-03-31,2359.75,2339.7325826676565,,,
2017-04-05,2384.26,2353.0622639576522,,,
2017-04-06,2390.39,2377.3751550089446,,,
2017-04-07,2388.27,2383.158584731445,,,
2017-04-10,2379.16,2380.448146135073,,,
2017-04-11,2382.11,2372.1427051401365,,,
2017-04-12,2378.86,2374.6777222190844,,,
2017-04-13,2368.11,2371.337756870823,,,
2017-04-14,2355.52,2360.419428956704,,,
2017-04-17,2357.52,2347.507011124367,,,
2017-04-18,2337.35,2349.870433894441,,,
2017-04-19,2325.04,2330.227642871976,,,
2017-04-20,2335.65,2318.1578284066222,,,
2017-04-21,2347.67,2328.985103621754,,,
2017-04-24,2341.93,2340.7830081304683,,,
2017-04-25,2344.74,2333.1748672635526,,,
2017-04-26,2344.5,2337.2840303324583,,,
2017-04-27,2351.64,2338.8095334220166,,,
2017-04-28,2347.04,2344.5297481150233,,,
2017-05-02,2336.79,2337.6711281767793,,,
2017-05-03,2329.77,2329.908763032161,,,
2017-05-04,2325.43,2322.657997073786,,,
2017-05-05,2320.6,2318.3313705737933,,,
2017-05-08,2326.1,2312.408717574563,,,
2017-05-09,2316.29,2319.9099840006247,,,
2017-05-10,2324.92,2308.8013759529986,,,
2017-05-11,2339.29,2319.76865206981,,,
2017-05-12,2375.45,2333.298450696616,,,
2017-05-15,2381.75,2369.452224289135,,,
2017-05-16,2381.32,2374.492333707358,,,
2017-05-17,2363.56,2371.8300053134776,,,
2017-05-18,2354.75,2355.8127467659187,,,
2017-05-19,2361.66,2348.0239474104014,,,
2017-05-22,2381.55,2353.8844501075146,,,
2017-05-23,2411.8,2374.5982721040004,,,
2017-05-24,2407.57,2405.3609311873297,,,
2017-05-25,2473.5,2398.0357066313054,,,
2017-05-26,2471.21,2471.062831675218,,,
2017-05-31,2479.08,2463.1279056601243,,,
2017-06-01,2496.45,2473.1840456041264,,,
2017-06-02,2475.46,2487.677256003859,,,
2017-06-05,2450.35,2466.852233593474,,,
2017-06-06,2466.01,2442.666961182078,,,
2017-06-07,2484.03,2457.5515582117255,,,
2017-06-08,2507.03,2476.492250433228,,,
2017-06-09,2519.27,2497.847916653761,,,
2017-06-12,2521.17,2512.8993360512586,,,
2017-06-13,2515.14,2514.8201218319473,,,
2017-06-14,2477.32,2503.63745715089,,,
2017-06-15,2461.97,2468.4535042997068,,,
2017-06-16,2452.79,2454.0732994258665,,,
2017-06-19,2484.12,2445.285749516037,,,
2017-06-20,2474.43,2476.21855190398,,,
2017-06-21,2497.25,2464.2207233417835,,,
2017-06-22,2516.67,2485.850498736991,,,
2017-06-23,2529.1,2514.145780412084,,,
2017-06-26,2543.32,2519.1395366502848,,,
2017-06-27,2554.7,2537.2138665690113,,,
2017-06-28,2537.64,2544.3913398108157,,,
2017-06-29,2552.98,2529.87657105089,,,
2017-06-30,2549.97,2542.386952234927,,,
2017-07-03,2534.37,2543.5968808982534,,,
2017-07-04,2511.15,2527.0641881356914,,,
2017-07-05,2548.1,2505.9645016805935,,,
2017-07-06,2553.88,2544.824886888112,,,
2017-07-07,2543.66,2548.38659817851,,,
2017-07-10,2550.11,2536.3300756045373,,,
2017-07-11,2570.59,2545.7685644720996,,,
2017-07-12,2565.14,2570.8615692784206,,,
2017-07-13,2600.95,2565.333716531116,,,
2017-07-14,2622.98,2597.037416815905,,,
2017-07-17,2631.41,2616.6948330948153,,,
2017-07-18,2624.31,2628.258556107605,,,
2017-07-19,2657.89,2618.4665375959157,,,
2017-07-20,2665.45,2654.7662557684807,,,
2017-07-21,2639.21,2658.5981417020184,,,
2017-07-24,2654.38,2634.1998003161625,,,
2017-07-25,2643.07,2651.6379716128868,,,
2017-07-26,2636.2,2639.467177850379,,,
2017-07-27,2636.63,2632.7362476989774,,,
2017-07-28,2636.39,2628.5348776685114,,,
2017-07-31,2638.12,2630.807955246306,,,
2017-08-01,2681.81,2633.6080503659105,,,
2017-08-02,2680.63,2676.7859681890022,,,
2017-08-03,2646.22,2677.345708038003,,,
2017-08-04,2627.8,2643.369287484229,,,
2017-08-07,2634.18,2624.742259485666,,,
2017-08-08,2635.18,2629.649797340191,,,
2017-08-09,2620.38,2628.747399102116,,,
2017-08-10,2611.34,2615.224045083919,,,
2017-08-11,2570.26,2606.4307068362823,,,
2017-08-14,2591.45,2567.4073397204975,,,
2017-08-15,2605.24,2587.826098148592,,,
2017-08-16,2595.0,2603.606523276382,,,
2017-08-17,2604.08,2587.6153139109174,,,
2017-08-18,2613.26,2597.5459272732014,,,
2017-08-21,2616.82,2608.3257305811558,,,
2017-08-22,2643.5,2611.2903420112043,,,
2017-08-23,2659.78,2637.35609458448,,,
2017-08-24,2646.4,2656.789907040423,,,
2017-08-25,2706.24,2642.816170061782,,,
2017-08-28,2736.46,2703.1801685610735,,,
2017-08-29,2739.13,2737.6049529088523,,,
2017-08-30,2728.23,2732.3664004553784,,,
2017-08-31,2714.63,2725.765240797442,,,
2017-09-01,2710.12,2708.5371600566823,,,
2017-09-04,2711.35,2707.2851504135087,,,
2017-09-05,2729.85,2704.581017284925,,,
2017-09-06,2714.33,2725.571678734759,,,
2017-09-07,2691.83,2707.139283408921,,,
2017-09-08,2686.69,2686.1728021793697,,,
2017-09-11,2674.75,2681.8386016632776,,,
2017-09-12,2692.54,2672.4397727448586,,,
2017-09-13,2687.67,2685.9129045097407,,,
2017-09-14,2672.84,2679.988007232075,,,
2017-09-15,2668.38,2667.313512105856,,,
2017-09-18,2674.18,2663.365332076384,,,
2017-09-19,2670.69,2672.736944623054,,,
2017-09-20,2662.63,2664.5886999014374,,,
2017-09-21,2675.55,2658.1584993807683,,,
2017-09-22,2679.05,2672.6373431169004,,,
2017-09-25,2680.65,2674.2032752636305,,,
2017-09-26,2678.99,2674.538323097412,,,
2017-09-27,2661.55,2673.0981883613895,,,
2017-09-28,2661.28,2655.7934143178736,,,
2017-09-29,2672.33,2654.441161625001,,,
2017-10-09,2692.08,2668.192598314933,,,
2017-10-10,2695.54,2686.3725673236777,,,
2017-10-11,2707.52,2688.9187945081385,,,
2017-10-12,2718.35,2702.9503738645662,,,
2017-10-13,2713.38,2712.570133303162,,,
2017-10-16,2726.64,2707.38270810177,,,
2017-10-17,2723.53,2722.399003598731,,,
2017-10-18,2753.01,2717.1304141907367,,,
2017-10-19,2756.04,2747.0116117139332,,,
2017-10-20,2737.64,2748.00737825492,,,
2017-10-23,2734.37,2730.2415791127432,,,
2017-10-24,2753.65,2727.8978802687116,,,
2017-10-25,2752.14,2749.189803742257,,,
2017-10-26,2771.04,2744.401147737347,,,
2017-10-27,2814.27,2767.67249240635,,,
2017-10-30,2809.11,2809.0502829913876,,,
2017-10-31,2793.71,2800.0123049910853,,,
2017-11-01,2789.4,2786.234825510438,,,
2017-11-02,2794.1,2787.0515382190815,,,
2017-11-03,2800.47,2785.9363603034753,,,
2017-11-06,2792.22,2792.054231808729,,,
2017-11-07,2821.96,2783.199782730265,,,
2017-11-08,2819.96,2818.8159043590804,,,
2017-11-09,2832.96,2817.7007079280747,,,
2017-11-10,2862.34,2826.1010913645932,,,
2017-11-13,2873.51,2857.7502322640903,,,
2017-11-14,2861.42,2869.2548041880227,,,
2017-11-15,2850.05,2854.223005121139,,,
2017-11-16,2879.4,2844.8979683820817,,,
2017-11-17,2938.8,2874.1311565013675,,,
2017-11-20,2941.15,2935.516845635675,,,
2017-11-21,2987.17,2931.293989758781,,,
2017-11-22,3012.36,2987.5473795741436,,,
2017-11-23,2940.73,3009.1514154202096,,,
2017-11-24,2936.83,2935.006560943064,,,
2017-11-27,2917.31,2929.386421533015,,,
2017-11-28,2897.11,2906.8956971562984,,,
2017-11-29,2893.28,2888.198286320945,,,
2017-11-30,2863.45,2882.4292793698905,,,
2017-12-01,2842.18,2858.6606244763625,,,
2017-12-04,2861.36,2835.710107226113,,,
2017-12-05,2910.48,2856.2166508044975,,,
2017-12-06,2875.73,2908.595482776511,,,
2017-12-07,2848.89,2863.278871051026,,,
2017-12-08,2865.34,2840.457017120655,,,
2017-12-11,2899.1,2859.149660852466,,,
2017-12-12,2850.2,2892.077014974304,,,
2017-12-13,2872.94,2843.200949540251,,,
2017-12-14,2850.05,2865.170361076104,,,
2017-12-15,2820.17,2842.14617698421,,,
2017-12-18,2829.06,2813.6909050022605,,,
2017-12-19,2873.03,2824.2276076798034,,,
2017-12-20,2879.64,2866.4882458269494,,,
2017-12-21,2895.37,2871.047375492002,,,
2017-12-22,2880.77,2888.869171002033,,,
2017-12-25,2880.1,2872.943515786522,,,
2017-12-26,2894.34,2877.5524692325025,,,
2017-12-27,2839.63,2886.32726985761,,,
2017-12-28,2859.05,2832.5898332053866,,,
2017-12-29,2860.44,2853.544532019905,,,
2018-01-02,2908.73,2856.934068374629,,,
2018-01-03,2913.26,2906.8163491161467,,,
2018-01-04,2919.48,2914.6130563421916,,,
2018-01-05,2932.36,2915.8708684572066,,,
2018-01-08,2947.76,2927.593384161386,,,
2018-01-09,2969.32,2942.794877499742,,,
2018-01-10,2995.56,2965.17848501768,,,
2018-01-11,2997.04,2991.886454574356,,,
2018-01-12,3018.6,2993.7745252106834,,,
2018-01-15,3048.81,3013.091779048687,,,
2018-01-16,3063.86,3048.907268449155,,,
2018-01-17,3076.18,3058.2421882561107,,,
2018-01-18,3106.55,3083.4410306851337,,,
2018-01-19,3117.82,3103.698742667324,,,
2018-01-22,3130.33,3114.5674049747345,,,
2018-01-23,3176.5,3129.3280799502295,,,
2018-01-24,3180.33,3171.927989587325,,,
2018-01-25,3157.46,3172.3069441231273,,,
2018-01-26,3172.78,3148.0925292946895,,,
2018-01-29,3120.7,3174.365649387513,,,
2018-01-30,3079.12,3118.7495429841856,,,
2018-01-31,3116.83,3079.4143349586548,,,
2018-02-01,3141.23,3115.8876159598235,,,
2018-02-02,3149.64,3133.269674783681,,,
2018-02-05,3181.34,3141.552293695728,,,
2018-02-06,3117.49,3181.4634082974258,,,
2018-02-07,3029.6,3115.387189478117,,,
2018-02-08,2945.84,3033.5067372955273,,,
2018-02-09,2810.03,2945.6337651981894,,,
2018-02-12,2805.21,2802.870026192813,,,
2018-02-13,2852.72,2803.567008817109,,,
2018-02-14,2871.79,2858.3780104495886,,,
2018-02-22,2931.88,2864.7982970147336,,,
2018-02-23,2957.17,2924.7667110721527,,,
2018-02-26,2973.79,2951.497947249853,,,
2018-02-27,2927.1,2964.364386790219,,,
2018-02-28,2878.67,2921.874841598461,,,
2018-03-01,2891.3,2874.8644864748117,,,
2018-03-02,2864.18,2892.603602294068,,,
2018-03-05,2863.99,2863.6067387414196,,,
2018-03-06,2892.48,2862.602975592597,,,
2018-03-07,2878.15,2882.229261456303,,,
2018-03-08,2898.25,2878.986321684724,,,
2018-03-09,2908.2,2893.1234114721183,,,
2018-03-12,2909.58,2901.8986208171514,,,
2018-03-13,2883.38,2903.223520882142,,,
2018-03-14,2871.33,2881.1762935215766,,,
2018-03-15,2894.98,2866.553341655024,,,
2018-03-16,2870.73,2892.3484886286947,,,
2018-03-19,2897.26,2869.8262784757244,,,
2018-03-20,2904.4,2891.745031366027,,,
2018-03-21,2894.18,2901.0187646928484,,,
2018-03-22,2866.67,2887.933676041738,,,
2018-03-23,2791.47,2862.369110965648,,,
2018-03-26,2738.87,2786.5535462610524,,,
2018-03-27,2747.59,2734.3586648856585,,,
2018-03-28,2694.83,2742.6343706597854,,,
2018-03-29,2738.79,2699.35444189348,,,
2018-03-30,2722.15,2736.811535930024,,,
2018-04-02,2711.37,2717.759209490577,,,
2018-04-03,2697.27,2716.158341589344,,,
2018-04-04,2702.37,2695.6576032219837,,,
2018-04-09,2715.73,2703.3910072916956,,,
2018-04-10,2780.8,2710.315705073594,,,
2018-04-11,2785.34,2779.0219498520673,,,
2018-04-12,2749.7,2781.9683683093513,,,
2018-04-13,2726.4,2745.320017419629,,,
2018-04-16,2664.7,2724.264819731003,,,
2018-04-17,2635.7,2663.9124481836234,,,
2018-04-18,2653.77,2636.9578584057217,,,
2018-04-19,2682.55,2646.1348455086586,,,
2018-04-20,2647.38,2681.123277234121,,,
2018-04-23,2664.92,2642.8972978769,,,
2018-04-24,2722.85,2664.224763718033,,,
2018-04-25,2702.98,2725.859884715598,,,
2018-04-26,2666.02,2699.024776936134,,,
2018-04-27,2653.54,2662.501763325937,,,
2018-05-02,2652.73,2645.186487555163,,,
2018-05-03,2663.98,2647.878488279105,,,
2018-05-04,2646.35,2660.416253760481,,,
2018-05-07,2683.85,2644.3300766021016,,,
2018-05-08,2722.88,2680.8193199756997,,,
2018-05-09,2717.24,2724.0682298700935,,,
2018-05-10,2729.4,2710.46790582212,,,
2018-05-11,2724.72,2724.144317134474,,,
2018-05-14,2753.54,2719.4886789822394,,,
2018-05-15,2750.83,2751.1729734617893,,,
2018-05-16,2716.78,2742.741280501492,,,
2018-05-17,2700.88,2713.5853643569208,,,
2018-05-18,2740.53,2697.5451677040496,,,
2018-05-21,2745.8,2738.3069840517746,,,
2018-05-22,2728.0,2741.3540088329632,,,
2018-05-23,2683.69,2720.787849588371,,,
2018-05-24,2665.68,2680.749717152746,,,
2018-05-25,2661.29,2663.82961806694,,,
2018-05-28,2673.2,2659.832868075094,,,
2018-05-29,2663.4,2670.2961332485793,,,
2018-05-30,2605.9,2658.3654973503412,,,
2018-05-31,2658.29,2604.2070819451546,,,
2018-06-01,2647.19,2656.862524010493,,,
2018-06-04,2694.58,2644.1354731979386,,,
2018-06-05,2707.02,2691.241235775284,,,
2018-06-06,2692.18,2700.843683109778,,,
2018-06-07,2695.24,2686.7138808903615,,,
2018-06-08,2652.08,2695.1240323990346,,,
2018-06-11,2660.41,2647.044875323852,,,
2018-06-12,2687.7,2657.2568596949654,,,
2018-06-13,2671.63,2684.2753263823734,,,
2018-06-14,2671.3,2666.7291273853994,,,
2018-06-15,2667.98,2672.111020148851,,,
2018-06-19,2599.78,2666.6434695810867,,,
2018-06-20,2598.33,2596.3392490011042,,,
2018-06-21,2579.05,2595.2092258359244,,,
2018-06-22,2583.71,2583.6345456910144,,,
2018-06-25,2536.46,2580.2006027295565,,,
2018-06-26,2506.72,2535.2640000731776,,,
2018-06-27,2452.64,2499.721027993406,,,
2018-06-28,2425.18,2453.3056674514473,,,
2018-06-29,2479.91,2429.9416467120263,,,
2018-07-02,2386.38,2480.456048817705,,,
2018-07-03,2388.98,2382.2639460953483,,,
2018-07-04,2368.43,2378.833334557144,,,
2018-07-05,2374.36,2371.4111801963763,,,
2018-07-06,2402.62,2375.0252883000594,,,
2018-07-09,2471.29,2401.595223348974,,,
2018-07-10,2471.23,2472.1064366694927,,,
2018-07-11,2432.28,2463.60854085818,,,
2018-07-12,2474.62,2431.3014312031914,,,
2018-07-13,2476.86,2479.4813622859983,,,
2018-07-16,2448.76,2471.159225116066,,,
2018-07-17,2430.44,2447.279656702247,,,
2018-07-18,2420.76,2425.625625914263,,,
2018-07-19,2426.16,2423.0815639463594,,,
2018-07-20,2493.76,2426.6871421473493,,,
2018-07-23,2526.81,2496.194933132528,,,
2018-07-24,2563.58,2527.2728128837957,,,
2018-07-25,2563.69,2565.488064824531,,,
2018-07-26,2530.99,2557.1262276744865,,,
2018-07-27,2525.09,2528.929900969026,,,
2018-07-30,2541.31,2523.1321831935247,,,
2018-07-31,2545.12,2542.8411128187563,,,
2018-08-01,2490.25,2541.486937571897,,,
2018-08-02,2440.31,2490.810572808819,,,
2018-08-03,2413.5,2434.5650407725175,,,
2018-08-06,2406.54,2414.8541151245367,,,
2018-08-07,2479.78,2410.092522318185,,,
2018-08-08,2447.0,2480.016018030197,,,
2018-08-09,2504.62,2444.1764195189207,,,
2018-08-10,2503.21,2507.4908835371457,,,
2018-08-13,2478.51,2499.526204087428,,,
2018-08-14,2469.2,2470.4873028916254,,,
2018-08-15,2408.72,2465.532003859949,,,
2018-08-16,2405.16,2406.3754107797977,,,
2018-08-17,2374.17,2409.3263222225437,,,
2018-08-20,2409.13,2371.9777040686495,,,
2018-08-21,2452.38,2405.2708803561063,,,
2018-08-22,2450.15,2453.8437436370823,,,
2018-08-23,2461.07,2444.147611749414,,,
2018-08-24,2472.0,2458.3048169563426,,,
2018-08-27,2522.34,2474.8019477475273,,,
2018-08-28,2511.15,2520.830320181185,,,
2018-08-29,2503.48,2507.220714216834,,,
2018-08-30,2479.21,2500.9821319496687,,,
2018-08-31,2474.48,2479.4635830790653,,,
2018-09-03,2465.88,2475.381146948629,,,
2018-09-04,2500.44,2461.5273747362107,,,
2018-09-05,2441.23,2498.5700709116754,,,
2018-09-06,2416.03,2439.7523790882306,,,
2018-09-07,2437.68,2416.9113215356338,,,
2018-09-10,2413.43,2439.618657118977,,,
2018-09-11,2398.77,2412.235297030775,,,
2018-09-12,2381.39,2396.8306950874044,,,
2018-09-13,2415.31,2379.7650759785574,,,
2018-09-14,2425.42,2407.840689985935,,,
2018-09-17,2399.88,2422.438316576782,,,
2018-09-18,2458.77,2398.027358186784,,,
2018-09-19,2487.08,2460.9992747824185,,,
2018-09-20,2487.42,2489.6691452284654,,,
2018-09-21,2573.6,2484.7603957005986,,,
2018-09-25,2547.79,2573.945203977124,,,
2018-09-26,2582.77,2545.488480577608,,,
2018-09-27,2575.45,2587.3305954653347,,,
2018-09-28,2606.67,2569.5349825727026,,,
2018-10-08,2486.82,2607.0626235815703,,,
2018-10-09,2491.66,2485.4227882596615,,,
2018-10-10,2494.06,2492.82522842058,,,
2018-10-11,2390.5,2493.2421728301806,,,
2018-10-12,2444.13,2394.552940383733,,,
2018-10-15,2412.48,2446.33359186659,,,
2018-10-16,2415.49,2410.0920976911666,,,
2018-10-17,2429.21,2422.4910355194384,,,
2018-10-18,2369.07,2419.834663355247,,,
2018-10-19,2446.32,2366.7013778022188,,,
2018-10-22,2540.15,2450.9951111600544,,,
2018-10-23,2464.81,2548.629296198001,,,
2018-10-24,2477.49,2460.678154550968,,,
2018-10-25,2485.1,2489.606265965263,,,
2018-10-26,2468.91,2487.7424967783754,,,
2018-10-29,2389.58,2465.1846051474026,,,
2018-10-30,2415.65,2387.2224402853863,,,
2018-10-31,2451.12,2424.670961472603,,,
2018-11-01,2460.16,2450.6267970230783,,,
2018-11-02,2542.77,2462.1480470667475,,,
2018-11-05,2511.59,2534.5055862172158,,,
2018-11-06,2499.68,2504.913247920714,,,
2018-11-07,2482.33,2493.2035449864147,,,
2018-11-08,2486.0,2483.384691238776,,,
2018-11-09,2434.21,2482.5218069098046,,,
2018-11-12,2444.97,2431.8304674589567,,,
2018-11-13,2462.97,2443.0482263937797,,,
2018-11-14,2429.99,2466.6292950134302,,,
2018-11-15,2459.14,2426.374419595689,,,
2018-11-16,2461.44,2457.6582127711795,,,
2018-11-19,2492.08,2461.0381346651798,,,
2018-11-20,2446.79,2489.4289679764147,,,
2018-11-21,2451.27,2445.3177655510513,,,
2018-11-22,2437.64,2451.0911497957227,,,
2018-11-23,2399.2,2433.0097469786238,,,
2018-11-26,2401.9,2398.70125018448,,,
2018-11-27,2394.29,2401.2967570472433,,,
2018-11-28,2421.13,2392.6007909392356,,,
2018-11-29,2401.85,2420.704501501879,,,
2018-11-30,2428.04,2399.6186891655598,,,
2018-12-03,2488.06,2427.072709506307,,,
2018-12-04,2496.14,2482.2765766880348,,,
2018-12-05,2481.79,2490.492268531407,,,
2018-12-06,2434.49,2481.5728352625747,,,
2018-12-07,2430.72,2433.2477714434763,,,
2018-12-10,2408.61,2428.2974082004325,,,
2018-12-11,2415.58,2408.3591260761486,,,
2018-12-12,2423.32,2413.5890779599863,,,
2018-12-13,2457.9,2418.3145262540243,,,
2018-12-14,2423.38,2458.522743825943,,,
2018-12-17,2425.94,2420.6983775703916,,,
2018-12-18,2397.87,2422.537813299962,,,
2018-12-19,2369.55,2398.4469723384004,,,
2018-12-20,2334.92,2367.20910323937,,,
2018-12-21,2306.15,2332.9883387473,,,
2018-12-24,2309.23,2301.8841401464283,,,
2018-12-25,2297.33,2307.6954935261924,,,
2018-12-26,2281.56,2294.151628975185,,,
2018-12-27,2276.06,2281.1091012710735,,,
2018-12-28,2293.1,2274.2351930688064,,,
2019-01-02,2262.79,2294.07656947122,,,
2019-01-03,2269.24,2259.233814839555,,,
2019-01-04,2314.65,2270.863231102067,,,
2019-01-07,2314.32,2314.822667071107,,,
2019-01-08,2305.17,2310.0946650438764,,,
2019-01-09,2332.72,2301.401901262041,,,
2019-01-10,2331.85,2336.117488535807,,,
2019-01-11,2354.5,2329.777315784459,,,
2019-01-14,2331.14,2351.6870345897973,,,
2019-01-15,2378.37,2329.0335371379592,,,
2019-01-16,2381.22,2376.647458508837,,,
2019-01-17,2371.35,2377.399407668566,,,
2019-01-18,2417.36,2369.7519160409843,,,
2019-01-21,2432.49,2415.7388364483545,,,
2019-01-22,2401.23,2431.752543159348,,,
2019-01-23,2397.05,2396.6347598579987,,,
2019-01-24,2411.56,2397.5545353440607,,,
2019-01-25,2441.64,2407.2138322248966,,,
2019-01-28,2437.03,2441.4744645450924,,,
2019-01-29,2455.9,2435.67150600875,,,
2019-01-30,2440.01,2453.0284711294084,,,
2019-01-31,2483.47,2440.4615259008237,,,
2019-02-01,2499.64,2481.1687871568165,,,
2019-02-11,2527.47,2492.003571269638,,,
2019-02-12,2533.18,2525.339908320189,,,
2019-02-13,2580.61,2528.0494326929306,,,
2019-02-14,2576.31,2578.238923031983,,,
2019-02-15,2517.46,2573.0120357823994,,,
2019-02-18,2582.85,2514.8839289511297,,,
2019-02-19,2579.05,2581.835906493773,,,
2019-02-20,2588.17,2579.240766204324,,,
2019-02-21,2577.23,2581.9647778983626,,,
2019-02-22,2623.07,2578.887384582673,,,
2019-02-25,2787.7,2618.0925374183344,,,
2019-02-26,2733.9,2788.5540465219583,,,
2019-02-27,2750.34,2732.770983366451,,,
2019-02-28,2743.97,2754.109555354593,,,
2019-03-01,2819.47,2742.7745359802448,,,
2019-03-04,2832.59,2813.9741069683505,,,
2019-03-05,2828.87,2840.1883351926763,,,
2019-03-06,2840.27,2822.1239834338903,,,
2019-03-07,2789.7,2833.846228208939,,,
2019-03-08,2685.59,2784.4892665275934,,,
2019-03-11,2708.6,2690.686969125253,,,
2019-03-12,2719.77,2707.9287637507337,,,
2019-03-13,2723.96,2720.680163524472,,,
2019-03-14,2729.13,2719.465901322855,,,
2019-03-15,2755.81,2730.253742809056,,,
2019-03-18,2825.18,2758.4292543574034,,,
2019-03-19,2806.9,2821.0392971308897,,,
2019-03-20,2812.92,2802.4039850994013,,,
2019-03-21,2802.96,2811.187365470599,,,
2019-03-22,2795.39,2800.0582054743954,,,
2019-03-25,2718.18,2789.268180597138,,,
2019-03-26,2706.15,2718.250970488596,,,
2019-03-27,2741.59,2702.1553878606437,,,
2019-03-28,2733.97,2739.88916058793,,,
2019-03-29,2838.51,2728.7025114922058,,,
2019-04-01,2892.62,2838.4976955215257,,,
2019-04-02,2888.53,2890.993547659956,,,
2019-04-03,2920.0,2881.6963797988865,,,
2019-04-04,2951.98,2918.194590664926,,,
2019-04-08,2962.27,2949.243046016292,,,
2019-04-09,2967.51,2959.2813412591154,,,
2019-04-10,2979.1,2961.789547229975,,,
2019-04-11,2928.43,2976.365520855081,,,
2019-04-12,2920.52,2926.1453739079575,,,
2019-04-15,2924.93,2916.6882502067806,,,
2019-04-16,3023.03,2925.936675651656,,,
2019-04-17,3017.42,3021.871043541357,,,
2019-04-18,3004.92,3011.2882936928954,,,
2019-04-19,3042.43,2998.325182864841,,,
2019-04-22,2970.49,3034.431064385592,,,
2019-04-23,2978.85,2964.7856569092833,,,
2019-04-24,2974.85,2981.2081915567205,,,
2019-04-25,2928.0,2965.394988802074,,,
2019-04-26,2892.86,2925.5298485565236,,,
2019-04-29,2939.41,2893.3882309687506,,,
2019-04-30,2945.24,2941.5445578974486,,,
2019-05-06,2805.04,2939.770136652313,,,
2019-05-07,2806.26,2800.7571891648486,,,
2019-05-08,2758.24,2803.612900802946,,,
2019-05-09,2698.78,2764.9566168630604,,,
2019-05-10,2793.76,2696.114819257028,,,
2019-05-13,2741.11,2787.7034753777284,,,
2019-05-14,2724.73,2739.635689467798,,,
2019-05-15,2783.54,2728.160226786608,,,
2019-05-16,2791.41,2783.802720243118,,,
2019-05-17,2735.21,2785.2333256361667,,,
2019-05-20,2715.43,2729.686120424509,,,
2019-05-21,2739.79,2714.209920686904,,,
2019-05-22,2725.73,2741.480215964131,,,
2019-05-23,2685.93,2720.877048779133,,,
2019-05-24,2702.03,2682.3509945197575,,,
2019-05-27,2722.33,2702.979113884998,,,
2019-05-28,2748.8,2716.1703502476416,,,
2019-05-29,2755.81,2747.288637316299,,,
2019-05-30,2742.96,2756.859345118856,,,
2019-05-31,2728.95,2735.8331821039574,,,
2019-06-03,2743.06,2729.778065909659,,,
2019-06-04,2721.31,2740.887098380892,,,
2019-06-05,2719.6,2716.1424170811374,,,
2019-06-06,2706.76,2716.212781729626,,,
2019-06-10,2743.37,2701.921337832457,,,
2019-06-11,2812.9,2741.0361581272086,,,
2019-06-12,2796.73,2810.9629769106245,,,
2019-06-13,2794.54,2790.3983034730854,,,
2019-06-14,2785.61,2787.140948279058,,,
2019-06-17,2793.7,2784.5505003062212,,,
2019-06-18,2806.45,2793.8287422765397,,,
2019-06-19,2842.74,2799.8080262348312,,,
2019-06-20,2942.63,2838.0303495102867,,,
2019-06-21,2938.77,2942.8699449080577,,,
2019-06-24,2949.52,2934.6686749169676,,,
2019-06-25,2910.12,2943.6767569868466,,,
2019-06-26,2903.49,2899.709228699983,,,
2019-06-27,2937.13,2901.3723409151917,,,
2019-06-28,2930.6,2936.102646617628,,,
2019-07-01,3002.94,2924.712616839275,,,
2019-07-02,2999.08,3000.2789967656777,,,
2019-07-03,2964.73,2993.7895686518623,,,
2019-07-04,2953.27,2959.6252742984693,,,
2019-07-05,2961.92,2950.3264925675703,,,
2019-07-08,2897.51,2958.024486825659,,,
2019-07-09,2881.55,2891.785954543603,,,
2019-07-10,2878.78,2879.580971480357,,,
2019-07-11,2887.83,2874.939584814152,,,
2019-07-12,2902.13,2888.0270677319786,,,
2019-07-15,2902.61,2901.263769312802,,,
2019-07-16,2884.56,2897.7125326083287,,,
2019-07-17,2875.03,2882.108299381163,,,
2019-07-18,2859.16,2874.1981262995746,,,
2019-07-19,2895.63,2857.193443112971,,,
2019-07-22,2881.9,2895.695220622743,,,
2019-07-23,2881.1,2878.6186920289815,,,
2019-07-24,2906.55,2877.0304522661027,,,
2019-07-25,2931.18,2907.55193305826,,,
2019-07-26,2939.35,2926.8711163156695,,,
2019-07-29,2930.49,2937.5134032394053,,,
2019-07-30,2944.02,2926.191416549387,,,
2019-07-31,2912.66,2944.100565638556,,,
2019-08-01,2887.87,2908.974860869255,,,
2019-08-02,2843.77,2886.097262534279,,,
2019-08-05,2786.72,2843.745796956213,,,
2019-08-06,2760.68,2786.7143257569983,,,
2019-08-07,2747.25,2760.4894544287704,,,
2019-08-08,2786.87,2746.094450635169,,,
2019-08-09,2772.15,2784.950847578855,,,
2019-08-12,2824.8,2768.6818982716973,,,
2019-08-13,2792.91,2822.0951311253843,,,
2019-08-14,2804.36,2789.992059369291,,,
2019-08-15,2814.39,2802.1327355906947,,,
2019-08-16,2824.23,2814.3738513002713,,,
2019-08-19,2877.23,2824.3308101868233,,,
2019-08-20,2875.65,2872.658020249778,,,
2019-08-21,2869.22,2873.3828350286694,,,
2019-08-22,2878.0,2866.67607208756,,,
2019-08-23,2917.38,2872.5377566372986,,,
2019-08-26,2863.48,2916.117393136953,,,
2019-08-27,2887.24,2862.3782576197027,,,
2019-08-28,2867.03,2890.7739710049655,,,
2019-08-29,2855.45,2864.234239936752,,,
2019-08-30,2872.4,2851.379184719314,,,
2019-09-02,2894.96,2868.215063795492,,,
2019-09-03,2892.18,2893.6247999995494,,,
2019-09-04,2919.68,2886.9696522516697,,,
2019-09-05,2955.84,2917.631322887014,,,
2019-09-06,2981.07,2960.4810657701246,,,
2019-09-09,2981.59,2973.5892758110585,,,
2019-09-10,2969.8,2977.2268206618733,,,
2019-09-11,2957.14,2964.646753356484,,,
2019-09-12,2999.56,2952.75618929316,,,
2019-09-16,2982.45,2996.5688328347264,,,
2019-09-17,2937.01,2977.3898307681297,,,
2019-09-18,2954.36,2933.034211645556,,,
2019-09-19,2956.83,2954.927851419507,,,
2019-09-20,2963.43,2950.7022124005275,,,
2019-09-23,2930.91,2960.1333624482104,,,
2019-09-24,2940.08,2925.390074937429,,,
2019-09-25,2928.84,2939.640353424263,,,
2019-09-26,2927.88,2927.670211066948,,,
2019-09-27,2929.47,2927.6519738670695,,,
2019-09-30,2897.7,2925.0589826610667,,,
2019-10-08,2922.35,2898.7601216270277,,,
2019-10-09,2922.98,2924.2999953431126,,,
2019-10-10,2940.8,2920.398034338498,,,
2019-10-11,2983.12,2937.691923991657,,,
2019-10-14,3013.53,2980.6866208252222,,,
2019-10-15,3015.42,3013.8781249337594,,,
2019-10-16,3004.72,3009.5827441873676,,,
2019-10-17,3011.75,3006.7472309126997,,,
2019-10-18,2963.18,3007.758921834176,,,
2019-10-21,2968.91,2961.6459261020022,,,
2019-10-22,2973.22,2966.4906787025493,,,
2019-10-23,2954.31,2966.9285936435854,,,
2019-10-24,2959.03,2951.3885685877594,,,
2019-10-25,2967.05,2956.4230443667407,,,
2019-10-28,2981.36,2961.3881801550374,,,
2019-10-29,2968.28,2978.3380865047393,,,
2019-10-30,2952.12,2965.258269510654,,,
2019-10-31,2954.73,2949.3536907123885,,,
2019-11-01,3002.65,2950.915350817642,,,
2019-11-04,3022.27,3000.6540880984458,,,
2019-11-05,3039.98,3018.8582941203244,,,
2019-11-06,3032.79,3040.9205261048655,,,
2019-11-07,3033.3,3028.5434477575113,,,
2019-11-08,3012.46,3030.0608120480592,,,
2019-11-11,2965.71,3009.626323832584,,,
2019-11-12,2971.36,2962.9231840529897,,,
2019-11-13,2967.67,2966.8193974407386,,,
2019-11-14,2968.57,2964.37972595545,,,
2019-11-15,2954.7,2965.7140310698546,,,
2019-11-18,2980.95,2952.26489598218,,,
2019-11-19,3000.75,2978.9341625916886,,,
2019-11-20,2968.12,2998.243060621495,,,
2019-11-21,2949.34,2964.956742585897,,,
2019-11-22,2922.27,2945.099693291528,,,
2019-11-25,2951.25,2921.68096274206,,,
2019-11-26,2946.57,2949.5378424578344,,,
2019-11-27,2944.32,2943.3420963803,,,
2019-11-28,2930.48,2940.054863106418,,,
2019-11-29,2894.72,2927.5260971113526,,,
2019-12-02,2899.44,2890.403567183541,,,
2019-12-03,2909.62,2899.7209184452036,,,
2019-12-04,2901.07,2904.538785256026,,,
2019-12-05,2921.95,2895.9076615020044,,,
2019-12-06,2939.82,2919.2118936709817,,,
2019-12-09,2933.04,2935.549871041515,,,
2019-12-10,2936.99,2928.0845630744357,,,
2019-12-11,2949.65,2934.0464239875155,,,
2019-12-12,2938.04,2944.7872867777874,,,
2019-12-13,3006.31,2933.9200525022784,,,
2019-12-16,2999.2,3003.854336048142,,,
2019-12-17,3033.14,2992.364562810854,,,
2019-12-18,3025.78,3033.822857940732,,,
2019-12-19,3017.71,3023.5570975484634,,,
2019-12-20,3012.63,3013.2972909347723,,,
2019-12-23,2984.24,3011.4384661049826,,,
2019-12-24,2996.76,2983.9929386679314,,,
2019-12-25,2986.0,2994.1222731510816,,,
2019-12-26,3011.64,2981.1734286016167,,,
2019-12-27,3017.78,3009.0375472922906,,,
2019-12-30,3062.75,3021.3164781040687,,,
2019-12-31,3063.22,3060.05144798821,,,
2020-01-02,3090.83,3058.541765282309,,,
2020-01-03,3078.28,3092.3153389813456,,,
2020-01-06,3056.84,3074.6455997600597,,,
2020-01-07,3074.02,3058.5765798568796,,,
2020-01-08,3037.85,3073.342851855944,,,
2020-01-09,3067.55,3034.9685003719705,,,
2020-01-10,3067.88,3065.416197491196,,,
2020-01-13,3090.13,3064.129782456003,,,
2020-01-14,3080.6,3085.3717650300114,,,
2020-01-15,3058.01,3079.9602636115405,,,
2020-01-16,3043.09,3056.9689992061476,,,
2020-01-17,3053.17,3040.6835047130667,,,
2020-01-20,3065.99,3052.0553813281003,,,
2020-01-21,3012.11,3061.5383135419265,,,
2020-01-22,3017.88,3010.8262547468953,,,
2020-01-23,2932.49,3013.1488467536574,,,
2020-02-03,2727.09,2928.3902320385932,,,
2020-02-04,2794.66,2741.281558271062,,,
2020-02-05,2812.9,2799.831323216863,,,
2020-02-06,2854.89,2812.601756265543,,,
2020-02-07,2851.71,2851.5716014380955,,,
2020-02-10,2850.06,2846.904422131999,,,
2020-02-11,2879.86,2848.666635926494,,,
2020-02-12,2895.59,2880.510908522335,,,
2020-02-13,2875.48,2892.8280962070926,,,
2020-02-14,2895.06,2874.525346063924,,,
2020-02-17,2950.07,2895.3238175399115,,,
2020-02-18,2924.4,2948.745549641982,,,
2020-02-19,2923.76,2921.067369613582,,,
2020-02-20,2978.18,2925.919552233436,,,
2020-02-21,2968.14,2976.46032782775,,,
2020-02-24,2930.03,2969.7891857052723,,,
2020-02-25,2909.32,2928.0670325258657,,,
2020-02-26,2901.67,2906.4265197001005,,,
2020-02-27,2912.04,2907.7436602714906,,,
2020-02-28,2821.04,2913.8398650142035,,,
2020-03-02,2907.89,2825.4298691908134,,,
2020-03-03,2921.44,2912.512004637604,,,
2020-03-04,2947.57,2918.183119564616,,,
2020-03-05,3018.07,2945.678147372463,,,
2020-03-06,2964.83,3016.0395404691358,,,
2020-03-09,2868.83,2964.30996130949,,,
2020-03-10,2924.22,2868.8148973044604,,,
2020-03-11,2888.36,2927.5918416018885,,,
2020-03-12,2841.98,2886.8572919670164,,,
2020-03-13,2798.77,2840.572229654775,,,
2020-03-16,2694.02,2808.607310586352,,,
2020-03-17,2685.59,2694.460389365341,,,
2020-03-18,2625.75,2684.603658878928,,,
2020-03-19,2569.79,2632.4780721064344,,,
2020-03-20,2628.42,2565.3067885468176,,,
2020-03-23,2559.62,2627.2324408092563,,,
2020-03-24,2639.38,2565.8901700860347,,,
2020-03-25,2700.19,2636.1396997090674,,,
2020-03-26,2689.28,2695.593964680513,,,
2020-03-27,2701.44,2692.448411900097,,,
2020-03-30,2690.04,2701.6110368501654,,,
2020-03-31,2689.38,2690.936387196335,,,
2020-04-01,2682.08,2687.361874037061,,,
2020-04-02,2719.89,2688.8132288742177,,,
2020-04-03,2708.82,2719.8085346241396,,,
2020-04-07,2757.41,2707.839628288184,,,
2020-04-08,2743.89,2753.3565307810436,,,
2020-04-09,2752.59,2742.933909706595,,,
2020-04-10,2749.85,2751.2115286089397,,,
2020-04-13,2739.17,2753.8932043985765,,,
2020-04-14,2785.72,2738.255856494829,,,
2020-04-15,2764.49,2782.667993013268,,,
2020-04-16,2768.26,2762.8928815257145,,,
2020-04-17,2809.08,2767.6912654050398,,,
2020-04-20,2819.79,2809.732224840438,,,
2020-04-21,2784.53,2815.3559525328446,,,
2020-04-22,2804.24,2779.7227354176334,,,
2020-04-23,2797.66,2802.819992910975,,,
2020-04-24,2776.02,2796.673695650085,,,
2020-04-27,2805.22,2773.5115783257406,,,
2020-04-28,2825.14,2806.3888779023287,,,
2020-04-29,2844.81,2818.6445327512924,,,
2020-04-30,2861.91,2844.953427929556,,,
2020-05-06,2863.85,2864.3152774759965,,,
2020-05-07,2854.42,2863.9597250261504,,,
2020-05-08,2873.01,2851.395148385357,,,
2020-05-11,2871.85,2872.341720501039,,,
2020-05-12,2869.6,2873.0929413891945,,,
2020-05-13,2867.71,2866.9047809147437,,,
2020-05-14,2834.53,2863.7652061048066,,,
2020-05-15,2819.69,2833.1139240801376,,,
2020-05-18,2837.17,2818.867995997423,,,
2020-05-19,2860.67,2837.407007525686,,,
2020-05-20,2856.14,2857.6110582129,,,
2020-05-21,2846.82,2852.760314591083,,,
2020-05-22,2775.81,2844.4972349866903,,,
2020-05-25,2789.71,2775.1953058786485,,,
2020-05-26,2808.84,2785.037590433743,,,
2020-05-27,2795.48,2805.915945002516,,,
2020-05-28,2809.66,2793.4177413868038,,,
2020-05-29,2806.66,2810.5682164966747,,,
2020-06-01,2870.36,2806.614817866699,,,
2020-06-02,2885.92,2869.4039240964366,,,
2020-06-03,2889.11,2884.430713197415,,,
2020-06-04,2883.36,2891.0162677749895,,,
2020-06-05,2896.35,2880.2838617068956,,,
2020-06-08,2909.59,2891.978243443034,,,
2020-06-09,2928.3,2910.036629218884,,,
2020-06-10,2908.48,2925.9054670310998,,,
2020-06-11,2876.51,2905.719216654114,,,
2020-06-12,2884.12,2875.4197954169326,,,
2020-06-15,2838.61,2884.6136159897146,,,
2020-06-16,2878.99,2840.541099752028,,,
2020-06-17,2881.13,2876.2120233462097,,,
2020-06-18,2888.96,2876.2407224088206,,,
2020-06-19,2925.94,2885.9213108491917,,,
2020-06-22,2921.89,2926.122916662171,,,
2020-06-23,2925.42,2923.577308138432,,,
2020-06-24,2943.47,2922.7218559984553,,,
2020-06-29,2925.48,2942.2852602423063,,,
2020-06-30,2942.07,2922.17759376368,,,
2020-07-01,3009.86,2941.515945231149,,,
2020-07-02,3084.24,3007.0069631377587,,,
2020-07-03,3159.16,3083.6026516349634,,,
2020-07-06,3374.14,3156.714646080575,,,
2020-07-07,3381.76,3374.5977650278446,,,
2020-07-08,3429.94,3379.6310429911314,,,
2020-07-09,3442.02,3433.740258353858,,,
2020-07-10,3351.78,3437.68057932841,,,
2020-07-13,3390.12,3349.1974762974182,,,
2020-07-14,3348.03,3395.782204776438,,,
2020-07-15,3313.76,3343.0745839579217,,,
2020-07-16,3162.03,3311.8431305815047,,,
2020-07-17,3185.89,3162.552694935389,,,
2020-07-20,3287.92,3188.4974923600384,,,
2020-07-21,3286.81,3281.9483235811117,,,
2020-07-22,3291.36,3279.849184019293,,,
2020-07-23,3284.11,3301.244875271419,,,
2020-07-24,3158.29,3279.4001226898804,,,
2020-07-27,3163.23,3152.506651287492,,,
2020-07-28,3185.89,3160.828383159921,,,
2020-07-29,3243.39,3184.381805647493,,,
2020-07-30,3231.52,3239.355981882919,,,
2020-07-31,3249.34,3230.1482590121855,,,
2020-08-03,3281.1,3249.1921453571927,,,
2020-08-04,3312.13,3275.529506945873,,,
2020-08-05,3292.31,3310.4323041523494,,,
2020-08-06,3292.2,3283.2566134055364,,,
2020-08-07,3263.75,3283.5192670552346,,,
2020-08-10,3285.76,3255.54152738942,,,
2020-08-11,3262.82,3286.5645547613035,,,
2020-08-12,3249.74,3268.2151927952937,,,
2020-08-13,3241.84,3240.2714144870074,,,
2020-08-14,3288.51,3238.390850755171,,,
2020-08-17,3368.85,3286.735248013288,,,
2020-08-18,3367.33,3372.7380526373345,,,
2020-08-19,3307.66,3361.691697832372,,,
2020-08-20,3264.53,3305.245222122749,,,
2020-08-21,3284.73,3262.233036918684,,,
2020-08-24,3298.72,3280.976928776732,,,
2020-08-25,3310.84,3297.4152602702447,,,
2020-08-26,3277.89,3310.3160342756155,,,
2020-08-27,3290.79,3277.0988390885664,,,
2020-08-28,3368.44,3282.9735427621067,,,
2020-08-31,3343.89,3365.513179634947,,,
2020-09-01,3355.1,3343.7381162092784,,,
2020-09-02,3347.3,3352.103984642772,,,
2020-09-03,3334.41,3338.218142212449,,,
2020-09-04,3309.21,3334.645919405457,,,
2020-09-07,3253.43,3307.6671091649087,,,
2020-09-08,3289.91,3254.3753914176386,,,
2020-09-09,3235.7,3286.45047334642,,,
2020-09-10,3245.5,3233.342350874978,,,
2020-09-11,3265.5,3243.850609839605,,,
2020-09-14,3294.15,3263.38221663395,,,
2020-09-15,3317.64,3290.1122527769458,,,
2020-09-16,3295.58,3312.1115337638203,,,
2020-09-17,3264.69,3291.5500500334647,,,
2020-09-18,3347.78,3260.5048078088626,,,
2020-09-21,3311.59,3346.5839188925224,,,
2020-09-22,3270.52,3307.3280092704726,,,
2020-09-23,3275.74,3273.6293320568534,,,
2020-09-24,3218.72,3273.1430923462312,,,
2020-09-25,3229.78,3217.1133814128784,,,
2020-09-28,3250.5,3228.3387804578224,,,
2020-09-29,3241.32,3252.1728873971165,,,
2020-09-30,3232.42,3237.956212340853,,,
2020-10-09,3286.86,3230.061920507321,,,
2020-10-12,3387.88,3284.0859115776334,,,
2020-10-13,3386.89,3385.1193419336423,,,
2020-10-14,3369.5,3379.6736662146927,,,
2020-10-15,3371.4,3364.1772680905847,,,
2020-10-16,3380.17,3372.640476471207,,,
2020-10-19,3354.31,3379.785010028255,,,
2020-10-20,3363.5,3356.3281956012247,,,
2020-10-21,3377.42,3359.7728769330115,,,
2020-10-22,3369.53,3371.190288434737,,,
2020-10-23,3346.61,3360.037587582719,,,
2020-10-26,3304.7,3350.720658919293,,,
2020-10-27,3294.09,3302.1427031448707,,,
2020-10-28,3313.23,3292.0020086147942,,,
2020-10-29,3324.44,3311.957573833997,,,
2020-10-30,3280.38,3328.478288913691,,,
2020-11-02,3265.9,3277.778732265671,,,
2020-11-03,3307.48,3264.710632607881,,,
2020-11-04,3332.19,3309.044253943793,,,
2020-11-05,3369.5,3328.942879349745,,,
2020-11-06,3359.12,3364.566571285452,,,
2020-11-09,3418.28,3351.305715908097,,,
2020-11-10,3416.14,3417.8341522734486,,,
2020-11-11,3411.23,3409.496171939334,,,
2020-11-12,3397.35,3411.335997422107,,,
2020-11-13,3338.31,3394.2020740314306,,,
2020-11-16,3377.11,3332.344654649078,,,
2020-11-17,3379.27,3374.2564604339373,,,
2020-11-18,3387.04,3375.9488343956696,,,
2020-11-19,3410.09,3388.2466254134774,,,
2020-11-20,3411.93,3408.4823830817,,,
2020-11-23,3469.8,3408.0547881905213,,,
2020-11-24,3442.72,3470.6017166208294,,,
2020-11-25,3420.29,3440.190408348255,,,
2020-11-26,3445.74,3419.824895936159,,,
2020-11-27,3498.66,3443.8647829959464,,,
2020-11-30,3469.42,3495.5154230271537,,,
2020-12-01,3554.01,3478.6288413246875,,,
2020-12-02,3545.34,3552.527574286001,,,
2020-12-03,3536.81,3540.278149320905,,,
2020-12-04,3541.52,3530.9422088642423,,,
2020-12-07,3509.94,3533.684817539361,,,
2020-12-08,3499.06,3503.8646136087805,,,
2020-12-09,3468.53,3498.4204930038036,,,
2020-12-10,3459.03,3466.681690965496,,,
2020-12-11,3427.86,3456.566968156304,,,
2020-12-14,3467.77,3420.8466683313286,,,
2020-12-15,3468.83,3464.8946666171155,,,
2020-12-16,3485.4,3462.7239225432104,,,
2020-12-17,3539.54,3481.5075563691853,,,
2020-12-18,3507.97,3536.185445620051,,,
2020-12-21,3522.26,3502.9210284205287,,,
2020-12-22,3470.9,3516.4793777431646,,,
2020-12-23,3494.59,3468.622595554149,,,
2020-12-24,3489.27,3494.8303651110064,,,
2020-12-25,3512.49,3488.2758028262715,,,
2020-12-28,3523.84,3508.8750513049094,,,
2020-12-29,3517.35,3523.5471110461613,,,
2020-12-30,3574.13,3514.3254766043688,,,
2020-12-31,3640.64,3571.598020219724,,,
2021-01-04,3643.36,3641.7797416539574,,,
2021-01-05,3683.36,3640.361715188945,,,
2021-01-06,3736.65,3682.235267065431,,,
2021-01-07,3808.07,3732.4893563846013,,,
2021-01-08,3788.32,3803.0056572136114,,,
2021-01-11,3776.53,3782.1130022656785,,,
2021-01-12,3906.12,3784.130334074535,,,
2021-01-13,3873.23,3908.417667502567,,,
2021-01-14,3811.22,3868.0870782851525,,,
2021-01-15,3817.93,3807.9813121431466,,,
2021-01-18,3849.4,3820.3072865651543,,,
2021-01-19,3808.69,3852.424557289338,,,
2021-01-20,3814.65,3804.4853186199,,,
2021-01-21,3850.06,3813.993434868567,,,
2021-01-22,3846.39,3850.1041887664524,,,
2021-01-25,3898.15,3842.6070626653577,,,
2021-01-26,3813.29,3896.075395003941,,,
2021-01-27,3818.27,3810.091522324012,,,
2021-01-28,3735.03,3814.7301174523654,,,
2021-01-29,3713.25,3732.9354579728283,,,
2021-02-01,3746.37,3705.652177720583,,,
2021-02-02,3771.47,3744.1401122215875,,,
2021-02-03,3775.72,3766.8546820958754,,,
2021-02-04,3801.62,3774.4632316200004,,,
2021-02-05,3840.77,3804.374425675797,,,
2021-02-08,3890.47,3845.003164480709,,,
2021-02-09,3952.83,3885.9904170571936,,,
2021-02-10,4028.53,3945.715164048732,,,
2021-02-18,4014.32,4029.768833137588,,,
2021-02-19,4014.46,4008.5889622981176,,,
2021-02-22,3881.87,4007.7888753465263,,,
2021-02-23,3897.72,3878.0292566089865,,,
2021-02-24,3805.47,3908.8862059112153,,,
2021-02-25,3851.03,3796.506756639718,,,
2021-02-26,3756.86,3850.9060690538045,,,
2021-03-01,3787.87,3767.1062190242487,,,
2021-03-02,3718.77,3778.7809713768497,,,
2021-03-03,3817.41,3709.60418492023,,,
2021-03-04,3708.66,3818.9569691460592,,,
2021-03-05,3688.68,3704.381234570861,,,
2021-03-08,3573.43,3690.786960768999,,,
2021-03-09,3509.61,3574.269051427629,,,
2021-03-10,3532.05,3510.407060507769,,,
2021-03-11,3625.31,3532.270262555492,,,
2021-03-12,3632.58,3627.5221694071706,,,
2021-03-15,3566.88,3623.382081902164,,,
2021-03-16,3599.16,3560.6357125781433,,,
2021-03-17,3590.83,3596.3705238448156,,,
2021-03-18,3605.6,3588.2319046333214,,,
2021-03-19,3512.02,3605.026203767192,,,
2021-03-22,3538.43,3509.3013467081237,,,
2021-03-23,3516.36,3542.272091339215,,,
2021-03-24,3466.04,3508.4462026868305,,,
2021-03-25,3463.87,3467.5329794322515,,,
2021-03-26,3529.73,3464.2458671319773,,,
2021-03-29,3537.71,3531.212372346148,,,
2021-03-30,3577.24,3534.5825220990696,,,
2021-03-31,3539.37,3575.675712702131,,,
2021-04-01,3582.65,3533.152400537876,,,
2021-04-02,3616.76,3582.8665996590453,,,
2021-04-06,3594.71,3613.91665427477,,,
2021-04-07,3558.47,3589.822128876212,,,
2021-04-08,3573.04,3552.524868209868,,,
2021-04-09,3514.11,3574.0075539795307,,,
2021-04-12,3477.07,3510.5963301019456,,,
2021-04-13,3461.46,3477.278319422687,,,
2021-04-14,3469.17,3462.9661224778183,,,
2021-04-15,3431.49,3466.052513757461,,,
2021-04-16,3448.1,3423.765068443382,,,
2021-04-19,3513.4,3442.1698451485327,,,
2021-04-20,3510.12,3509.7745380015626,,,
2021-04-21,3516.1,3512.9767992344005,,,
2021-04-22,3487.43,3516.418099342235,,,
2021-04-23,3524.02,3484.3198633711963,,,
2021-04-26,3467.66,3525.2965622843353,,,
2021-04-27,3476.3,3465.6451849077057,,,
2021-04-28,3473.04,3473.145538081132,,,
2021-04-29,3517.21,3469.5220295821096,,,
2021-04-30,3491.19,3514.5844082360154,,,
2021-05-06,3449.94,3486.2559518978073,,,
2021-05-07,3406.31,3455.3455564241776,,,
2021-05-10,3399.98,3407.0406479034446,,,
2021-05-11,3437.71,3394.97376224638,,,
2021-05-12,3447.86,3438.0306889709386,,,
2021-05-13,3413.89,3448.970492879653,,,
2021-05-14,3503.04,3413.084776048386,,,
2021-05-17,3539.91,3500.20892672901,,,
2021-05-18,3537.7,3542.730814279952,,,
2021-05-19,3511.47,3533.880216014525,,,
2021-05-20,3522.45,3508.1565916407653,,,
2021-05-21,3481.86,3520.0137991758124,,,
2021-05-24,3497.75,3481.0668448714546,,,
2021-05-25,3641.29,3492.537924796536,,,
2021-05-26,3657.19,3644.0403566989985,,,
2021-05-27,3664.94,3656.6231652554147,,,
2021-05-28,3659.3,3669.738417869383,,,
2021-05-31,3650.22,3657.556456502443,,,
2021-06-01,3650.9,3642.01064081482,,,
2021-06-02,3622.4,3643.7246431551857,,,
2021-06-03,3591.16,3617.8267078044432,,,
2021-06-04,3612.7,3593.189076548663,,,
2021-06-07,3601.11,3622.515284510085,,,
2021-06-08,3580.28,3595.9013112320763,,,
2021-06-09,3587.53,3582.474055727253,,,
2021-06-10,3607.68,3589.282337407145,,,
2021-06-11,3576.78,3611.8952772833154,,,
2021-06-15,3528.67,3572.980451406308,,,
2021-06-16,3486.29,3526.1755892750252,,,
2021-06-17,3481.6,3485.901325605999,,,
2021-06-18,3454.59,3484.4659413949757,,,
2021-06-21,3431.25,3450.682987042735,,,
2021-06-22,3464.71,3429.764456152858,,,
2021-06-23,3471.34,3464.386442595635,,,
2021-06-24,3483.91,3474.075672152092,,,
2021-06-25,3535.02,3478.724221365214,,,
2021-06-28,3520.74,3536.828820761935,,,
2021-06-29,3482.73,3515.7919450237077,,,
2021-06-30,3498.65,3480.6088088352094,,,
2021-07-01,3535.25,3499.273393119048,,,
2021-07-02,3408.24,3528.778016310834,,,
2021-07-05,3404.79,3406.3928773504294,,,
2021-07-06,3405.28,3401.5967849790327,,,
2021-07-07,3424.39,3397.926644933491,,,
2021-07-08,3373.26,3425.4143755859664,,,
2021-07-09,3361.59,3371.1716506696052,,,
2021-07-12,3384.51,3357.7698007534773,,,
2021-07-13,3391.74,3384.2672861103583,,,
2021-07-14,3339.38,3393.238008958498,,,
2021-07-15,3411.29,3336.673478814806,,,
2021-07-16,3369.9,3411.5324483793675,,,
2021-07-19,3385.37,3369.8399495478443,,,
2021-07-20,3378.63,3378.2987638082272,,,
2021-07-21,3388.52,3377.567120740124,,,
2021-07-22,3392.72,3390.471042312007,,,
2021-07-23,3357.45,3394.02715780561,,,
2021-07-26,3228.37,3355.981355744155,,,
2021-07-27,3126.38,3221.445238895721,,,
2021-07-28,3154.64,3126.2401375620034,,,
2021-07-29,3182.8,3156.4939014419483,,,
2021-07-30,3132.82,3178.302605006602,,,
2021-08-02,3211.14,3128.982152218485,,,
2021-08-03,3223.83,3207.5545558816416,,,
2021-08-04,3233.1,3222.922040592195,,,
2021-08-05,3227.36,3233.102656025947,,,
2021-08-06,3195.7,3231.559394713793,,,
2021-08-09,3235.21,3192.872045000681,,,
2021-08-10,3288.65,3238.59338205703,,,
2021-08-11,3262.58,3281.944462411961,,,
2021-08-12,3226.11,3264.935905107781,,,
2021-08-13,3217.84,3227.922461380307,,,
2021-08-16,3222.62,3219.90276389358,,,
2021-08-17,3149.88,3225.715190545385,,,
2021-08-18,3190.55,3151.7532976535354,,,
2021-08-19,3144.37,3190.8351426285913,,,
2021-08-20,3072.75,3142.6042968833253,,,
2021-08-23,3099.89,3069.923394875382,,,
2021-08-24,3147.77,3100.0436161593607,,,
2021-08-25,3159.8,3150.162095762404,,,
2021-08-26,3088.83,3157.8254934883153,,,
2021-08-27,3123.05,3087.9865712115475,,,
2021-08-30,3112.7,3127.288740534946,,,
2021-08-31,3097.06,3108.859474757697,,,
2021-09-01,3165.04,3093.9968786178797,,,
2021-09-02,3167.1,3165.644477856089,,,
2021-09-03,3175.88,3168.0652328257247,,,
2021-09-06,3211.2,3174.568981420613,,,
2021-09-07,3248.05,3212.9816416895437,,,
2021-09-08,3213.26,3246.950296399853,,,
2021-09-09,3204.28,3213.497636627727,,,
2021-09-10,3252.32,3202.7365880270845,,,
2021-09-13,3242.04,3255.6368007564834,,,
2021-09-14,3188.26,3242.7632487117494,,,
2021-09-15,3146.63,3189.5026556200155,,,
2021-09-16,3128.59,3143.4442322258865,,,
2021-09-17,3161.92,3127.9674904956087,,,
2021-09-22,3122.34,3160.695304083578,,,
2021-09-23,3127.82,3123.0819258476627,,,
2021-09-24,3145.11,3130.1600175097583,,,
2021-09-27,3199.97,3150.505970071969,,,
2021-09-28,3211.15,3203.6845507890775,,,
2021-09-29,3199.23,3209.1490205144755,,,
2021-09-30,3196.99,3198.6933711892184,,,
2021-10-08,3256.26,3197.363980847669,,,
2021-10-11,3276.41,3255.05895030889,,,
2021-10-12,3259.38,3283.831411540164,,,
2021-10-13,3292.76,3256.5329831669014,,,
2021-10-14,3270.69,3292.747416529325,,,
2021-10-15,3294.83,3271.133353646981,,,
2021-10-18,3229.63,3294.511700197046,,,
2021-10-19,3256.67,3225.861552336157,,,
2021-10-20,3255.0,3258.0553209601194,,,
2021-10-21,3278.54,3255.536080167091,,,
2021-10-22,3318.13,3280.6809332927214,,,
2021-10-25,3312.3,3320.478565445652,,,
2021-10-26,3290.04,3310.76939963311,,,
2021-10-27,3247.1,3291.439034342254,,,
2021-10-28,3239.61,3244.446759776482,,,
2021-10-29,3267.25,3238.6013133928786,,,
2021-11-01,3250.92,3266.571464182823,,,
2021-11-02,3212.03,3249.850031519732,,,
2021-11-03,3181.45,3211.3295561499663,,,
2021-11-04,3207.26,3181.8946491153893,,,
2021-11-05,3201.55,3207.4879379814975,,,
2021-11-08,3196.27,3205.1592792628667,,,
2021-11-09,3186.96,3196.9159336039506,,,
2021-11-10,3170.4,3185.2876695737486,,,
2021-11-11,3233.37,3162.45159905155,,,
2021-11-12,3220.55,3232.904736713429,,,
2021-11-15,3221.69,3219.0271204373744,,,
2021-11-16,3222.17,3221.521903255026,,,
2021-11-17,3208.78,3223.867393336068,,,
2021-11-18,3173.38,3208.814723789147,,,
2021-11-19,3212.91,3171.1958063502752,,,
2021-11-22,3212.15,3213.3552584661575,,,
2021-11-23,3224.15,3213.281848369549,,,
2021-11-24,3231.84,3226.3603508973774,,,
2021-11-25,3218.05,3232.2084769659664,,,
2021-11-26,3187.36,3217.0465601076985,,,
2021-11-29,3187.05,3185.7287569868813,,,
2021-11-30,3165.35,3185.809785938801,,,
2021-12-01,3180.42,3164.542111873266,,,
2021-12-02,3190.87,3180.3768189919515,,,
2021-12-03,3221.42,3189.893965292097,,,
2021-12-06,3228.14,3221.245831909135,,,
2021-12-07,3254.5,3231.187824187424,,,
2021-12-08,3304.71,3252.0918181740813,,,
2021-12-09,3360.18,3301.9819283805778,,,
2021-12-10,3353.63,3365.9938461660936,,,
2021-12-13,3366.07,3352.088794098297,,,
2021-12-14,3350.5,3372.1077712774995,,,
2021-12-15,3318.98,3350.5908795726855,,,
2021-12-16,3330.86,3321.84820725602,,,
2021-12-17,3278.9,3328.927609980737,,,
2021-12-20,3255.35,3279.695444631108,,,
2021-12-21,3273.03,3259.1700942418233,,,
2021-12-22,3260.57,3273.311092952291,,,
2021-12-23,3287.19,3260.6141537894177,,,
2021-12-24,3290.24,3283.109388705103,,,
2021-12-27,3278.44,3289.9675930210237,,,
2021-12-28,3303.4,3276.2117867098773,,,
2021-12-29,3240.85,3303.4441272188396,,,
2021-12-30,3261.79,3239.957413097411,,,
2021-12-31,3274.32,3263.636657150898,,,
2022-01-04,3264.07,3273.6705645218944,,,
2022-01-05,3254.28,3256.5432716557552,,,
2022-01-06,3210.39,3257.3564768954407,,,
2022-01-07,3223.27,3208.5036371318993,,,
2022-01-10,3236.12,3226.392908061529,,,
2022-01-11,3214.53,3232.378943081293,,,
2022-01-12,3236.31,3216.424684203309,,,
2022-01-13,3184.11,3235.675789459179,,,
2022-01-14,3139.05,3183.7242206869605,,,
2022-01-17,3147.7,3138.452625263542,,,
2022-01-18,3187.52,3148.799460872445,,,
2022-01-19,3187.19,3187.205638984445,,,
2022-01-20,3233.7,3184.9063523525538,,,
2022-01-21,3218.74,3236.272156918049,,,
2022-01-24,3209.74,3216.3678333576704,,,
2022-01-25,3144.95,3207.5275671268446,,,
2022-01-26,3163.67,3145.4543959272914,,,
2022-01-27,3119.24,3158.9290991003304,,,
2022-01-28,3054.02,3118.036494119934,,,
2022-02-07,3114.26,3054.565032468637,,,
2022-02-08,3116.5,3115.7506733947685,,,
2022-02-09,3139.56,3107.941659023898,,,
2022-02-10,3145.11,3139.242737075915,,,
2022-02-11,3142.91,3141.303588658165,,,
2022-02-14,3104.0,3147.4397238318948,,,
2022-02-15,3119.93,3101.906992862044,,,
2022-02-16,3136.08,3120.2653402203905,,,
2022-02-17,3139.18,3137.1380635122173,,,
2022-02-18,3162.82,3140.5460527273676,,,
2022-02-21,3144.87,3161.5985254345915,,,
2022-02-22,3102.32,3141.3910435721696,,,
2022-02-23,3118.04,3098.477601392799,,,
2022-02-24,3059.64,3115.689637920186,,,
2022-02-25,3075.59,3056.7738384422637,,,
2022-02-28,3080.78,3079.228329804542,,,
2022-03-01,3125.69,3077.182306708065,,,
2022-03-02,3107.24,3125.813848645774,,,
2022-03-03,3097.09,3105.9398069511335,,,
2022-03-04,3062.38,3096.687218105565,,,
2022-03-07,2974.68,3062.699333800869,,,
2022-03-08,2933.16,2972.840665279952,,,
2022-03-09,2907.18,2935.1230154010073,,,
2022-03-10,2933.46,2892.0916465314003,,,
2022-03-11,2935.68,2933.260170391449,,,
2022-03-14,2851.88,2929.1866004822487,,,
2022-03-15,2702.85,2857.4899905624325,,,
2022-03-16,2827.75,2706.408740166699,,,
2022-03-17,2877.22,2819.732761134201,,,
2022-03-18,2913.19,2879.0466572747773,,,
2022-03-21,2892.11,2912.0856300201062,,,
2022-03-22,2900.77,2887.1308284155875,,,
2022-03-23,2916.51,2903.011212756126,,,
2022-03-24,2903.62,2915.1876459626988,,,
2022-03-25,2856.43,2903.9428776957343,,,
2022-03-28,2853.18,2858.202769687859,,,
2022-03-29,2842.15,2852.816597268765,,,
2022-03-30,2915.49,2844.7657775510183,,,
2022-03-31,2898.83,2914.9871170913543,,,
2022-04-01,2943.24,2900.0323028051844,,,
2022-04-06,2931.2,2943.531138681986,,,
2022-04-07,2902.48,2931.669749451669,,,
2022-04-08,2925.49,2906.16562120052,,,
2022-04-11,2846.38,2924.0056419659472,,,
2022-04-12,2894.26,2844.878405536762,,,
2022-04-13,2882.28,2889.9589097658873,,,
2022-04-14,2928.6,2886.150594417143,,,
2022-04-15,2930.58,2930.051497750523,,,
2022-04-18,2887.72,2932.371158484495,,,
2022-04-19,2861.57,2885.6073343562034,,,
2022-04-20,2835.35,2861.515956499545,,,
2022-04-21,2797.53,2835.8665375925125,,,
2022-04-22,2814.13,2800.390885323512,,,
2022-04-25,2683.41,2816.3942536769273,,,
2022-04-26,2681.03,2687.7310566900237,,,
2022-04-27,2734.54,2687.641437958663,,,
2022-04-28,2769.71,2735.929314594841,,,
2022-04-29,2805.34,2770.235800265452,,,
2022-05-05,2800.93,2802.457031099427,,,
2022-05-06,2719.76,2804.0085719822546,,,
2022-05-09,2695.13,2720.401604412958,,,
2022-05-10,2718.37,2694.7805620879367,,,
2022-05-11,2741.23,2720.4133965245906,,,
2022-05-12,2721.77,2746.5435625443647,,,
2022-05-13,2748.24,2723.137141180352,,,
2022-05-16,2720.41,2748.3149887632003,,,
2022-05-17,2756.74,2718.523341269971,,,
2022-05-18,2745.53,2755.7979769206954,,,
2022-05-19,2744.55,2740.8122928120624,,,
2022-05-20,2807.94,2745.259004415524,,,
2022-05-23,2782.55,2808.1720927348465,,,
2022-05-24,2734.19,2779.7061267104677,,,
2022-05-25,2743.42,2734.3161382696926,,,
2022-05-26,2744.9,2743.122522086143,,,
2022-05-27,2763.07,2742.051488410761,,,
2022-05-30,2778.45,2765.470868174766,,,
2022-05-31,2813.22,2778.35849256259,,,
2022-06-01,2798.07,2812.0369727793463,,,
2022-06-02,2790.32,2795.5271568845537,,,
2022-06-06,2825.65,2789.5641070020265,,,
2022-06-07,2846.81,2820.806988684876,,,
2022-06-08,2879.31,2848.2477855918296,,,
2022-06-09,2868.42,2879.3055063108786,,,
2022-06-10,2899.58,2869.7843955245658,,,
2022-06-13,2844.72,2899.3230041191673,,,
2022-06-14,2882.7,2842.9250508261457,,,
2022-06-15,2923.99,2882.8331184195417,,,
2022-06-16,2891.34,2933.0061453359,,,
2022-06-17,2936.2,2892.210596575753,,,
2022-06-20,2924.92,2937.838839538382,,,
2022-06-21,2926.48,2923.9729609991864,,,
2022-06-22,2892.29,2926.2832688542,,,
2022-06-23,2935.88,2892.202110441557,,,
2022-06-24,2974.75,2936.7977023735916,,,
2022-06-27,3013.95,2976.450911095414,,,
2022-06-28,3039.41,3017.607931698999,,,
2022-06-29,3009.24,3036.346836260699,,,
2022-06-30,3058.4,3011.4088380045687,,,
2022-07-01,3045.27,3062.7734465009503,,,
2022-07-04,3050.15,3043.807205884839,,,
2022-07-05,3052.11,3046.4725194683842,,,
2022-07-06,2996.73,3049.449720145429,,,
2022-07-07,2989.21,2993.842507571565,,,
2022-07-08,2993.31,2987.3669226761017,,,
2022-07-11,2942.3,2994.3952839054173,,,
2022-07-12,2922.0,2940.3426281519487,,,
2022-07-13,2914.29,2922.083539624829,,,
2022-07-14,2895.3,2914.4140637797886,,,
2022-07-15,2839.39,2894.929034736063,,,
2022-07-18,2878.64,2846.680509820695,,,
2022-07-19,2865.6,2875.1171273958803,,,
2022-07-20,2874.08,2860.9840472006426,,,
2022-07-21,2836.66,2873.2644713993514,,,
2022-07-22,2848.44,2837.2299140523573,,,
2022-07-25,2837.26,2849.040763841225,,,
2022-07-26,2854.64,2835.685752094544,,,
2022-07-27,2829.92,2855.6027085104956,,,
2022-07-28,2827.11,2829.142351464072,,,
2022-07-29,2792.33,2830.7658844826824,,,
2022-08-01,2781.68,2795.178310892004,,,
2022-08-02,2730.76,2780.274363747246,,,
2022-08-03,2710.72,2727.299514744725,,,
2022-08-04,2741.09,2714.0581238244367,,,
2022-08-05,2774.34,2740.448618277126,,,
2022-08-08,2761.16,2772.881458343168,,,
2022-08-09,2764.07,2760.8226153138876,,,
2022-08-10,2730.96,2763.570463642322,,,
2022-08-11,2787.06,2730.7599391606905,,,
2022-08-12,2796.89,2786.015743778591,,,
2022-08-15,2782.67,2796.7301783433854,,,
2022-08-16,2769.26,2786.079152897054,,,
2022-08-17,2785.85,2769.7618616025256,,,
2022-08-18,2759.29,2783.135538114485,,,
2022-08-19,2750.63,2758.9932106149013,,,
2022-08-22,2756.37,2753.593910990851,,,
2022-08-23,2735.67,2758.2244624372465,,,
2022-08-24,2708.09,2735.3403519608696,,,
2022-08-25,2752.56,2710.3696551872204,,,
2022-08-26,2751.59,2752.180095874973,,,
2022-08-29,2732.21,2751.2353608515796,,,
2022-08-30,2726.66,2732.5372130471255,,,
2022-08-31,2761.78,2724.893602306173,,,
2022-09-01,2732.4,2765.2735536348678,,,
2022-09-02,2711.26,2733.668337111083,,,
2022-09-05,2697.77,2709.958501287629,,,
2022-09-06,2724.5,2695.764674665338,,,
2022-09-07,2710.69,2724.620603275332,,,
2022-09-08,2708.28,2710.8483570070102,,,
2022-09-09,2757.57,2710.0979548852215,,,
2022-09-13,2769.23,2757.2427732972446,,,
2022-09-14,2745.43,2767.9376078796663,,,
2022-09-15,2743.79,2747.683399573833,,,
2022-09-16,2678.03,2744.3237680357233,,,
2022-09-19,2679.59,2680.0918928381498,,,
2022-09-20,2673.88,2681.404201793208,,,
2022-09-21,2652.21,2673.5437225144715,,,
2022-09-22,2629.37,2651.304019616162,,,
2022-09-23,2629.81,2630.951180528001,,,
2022-09-26,2614.9,2632.725773213717,,,
2022-09-27,2642.92,2621.439432049625,,,
2022-09-28,2611.98,2641.94340965954,,,
2022-09-29,2608.98,2612.1252038226553,,,
2022-09-30,2610.12,2609.354515560554,,,
