,real,predict,ratio
2014-01-02,1561.1,1577.7394802583162,0.009916263515502195
2014-01-03,1536.07,1559.233096718935,
2014-01-06,1512.93,1535.2584701308633,
2014-01-07,1510.65,1511.9393111164804,
2014-01-08,1515.33,1508.6063536652423,
2014-01-09,1503.88,1515.468860063805,
2014-01-10,1498.27,1505.1107124754653,
2014-01-13,1494.61,1496.9826335213775,
2014-01-14,1499.29,1494.6416756962424,
2014-01-15,1488.51,1498.352337959264,
2014-01-16,1493.09,1486.6044842565816,
2014-01-17,1475.67,1493.592661032698,
2014-01-20,1464.84,1474.4900921510282,
2014-01-21,1478.88,1462.980440969212,
2014-01-22,1514.12,1479.49639487041,
2014-01-23,1499.03,1516.8883494657305,
2014-01-24,1502.06,1499.380550308179,
2014-01-27,1478.87,1503.959363546145,
2014-01-28,1487.8,1477.419918809489,
2014-01-29,1494.49,1486.0093690151966,
2014-01-30,1477.35,1492.714858155986,
2014-02-07,1475.34,1475.384496968254,
2014-02-10,1505.83,1472.6724536566942,
2014-02-11,1528.32,1507.6206313367654,
2014-02-12,1527.0,1533.0912589254692,
2014-02-13,1528.02,1528.4126534572913,
2014-02-14,1534.24,1533.3673690934859,
2014-02-17,1538.1,1533.411146527885,
2014-02-18,1508.54,1538.4768030474706,
2014-02-19,1533.4,1509.3563951915494,
2014-02-20,1520.14,1536.9973144213157,
2014-02-21,1505.33,1526.3506910066076,
2014-02-24,1468.06,1505.0529591993338,
2014-02-25,1440.89,1467.98334489667,
2014-02-26,1444.2,1442.5562742583134,
2014-02-27,1452.46,1442.6451755340086,
2014-02-28,1464.32,1453.855106865542,
2014-03-03,1462.69,1465.306715888729,
2014-03-04,1464.28,1463.3816226382148,
2014-03-05,1448.33,1464.4127208564894,
2014-03-06,1459.51,1448.2686433286046,
2014-03-07,1455.58,1460.5754161414957,
2014-03-10,1408.87,1457.828805508529,
2014-03-11,1412.73,1410.2560730706914,
2014-03-12,1418.7,1412.3276769113254,
2014-03-13,1437.39,1420.2068819768845,
2014-03-14,1426.4,1441.229028792651,
2014-03-17,1434.16,1427.0994297425382,
2014-03-18,1427.63,1432.5019595558815,
2014-03-19,1418.71,1426.955500084499,
2014-03-20,1406.92,1415.9570174030584,
2014-03-21,1464.08,1409.9374517694166,
2014-03-24,1477.53,1473.4470375964063,
2014-03-25,1470.12,1482.5400290817727,
2014-03-26,1467.08,1472.4035453840943,
2014-03-27,1464.53,1467.364763484431,
2014-03-28,1472.05,1468.125206177723,
2014-03-31,1465.78,1474.2269544576964,
2014-04-01,1473.14,1465.381588454046,
2014-04-02,1491.3,1473.6806633424803,
2014-04-03,1477.49,1491.9676026256734,
2014-04-04,1490.33,1480.275036376624,
2014-04-08,1534.75,1490.0455356221796,
2014-04-09,1530.88,1543.451649115558,
2014-04-10,1570.4,1531.5144939712698,
2014-04-11,1565.31,1580.9969504300243,
2014-04-14,1557.7,1568.0070969576711,
2014-04-15,1523.22,1557.2526188433126,
2014-04-16,1527.05,1523.4323267176956,
2014-04-17,1520.56,1526.7468947333425,
2014-04-18,1521.28,1518.712689070146,
2014-04-21,1493.76,1519.6227678496728,
2014-04-22,1509.55,1496.5320527752078,
2014-04-23,1507.04,1508.875016835841,
2014-04-24,1510.29,1506.4834772402426,
2014-04-25,1501.05,1511.1680712785687,
2014-04-28,1483.78,1502.4035738110124,
2014-04-29,1496.01,1484.0168606598706,
2014-04-30,1494.81,1494.786423462067,
2014-05-05,1487.53,1493.0111332325962,
2014-05-06,1485.25,1485.8263146634945,
2014-05-07,1476.18,1485.8330668979252,
2014-05-08,1478.72,1474.6518137119804,
2014-05-09,1480.74,1481.8149968454154,
2014-05-12,1508.39,1479.1887413415704,
2014-05-13,1503.52,1510.3892571656274,
2014-05-14,1500.82,1503.097950028093,
2014-05-15,1488.77,1500.2231740863979,
2014-05-16,1487.74,1488.06842071217,
2014-05-19,1459.21,1485.2980617744543,
2014-05-20,1460.82,1458.240694187292,
2014-05-21,1474.14,1458.3600549566281,
2014-05-22,1471.55,1473.1192086720237,
2014-05-23,1484.38,1474.501603562707,
2014-05-26,1486.05,1483.1758323131598,
2014-05-27,1479.73,1484.9044314627079,
2014-05-28,1491.76,1478.3907070178668,
2014-05-29,1484.31,1490.8699614133614,
2014-05-30,1482.1,1483.8266135134068,
2014-06-03,1477.52,1480.7272017809014,
2014-06-04,1466.39,1477.3209352702224,
2014-06-05,1484.24,1464.433103327269,
2014-06-06,1472.27,1483.5220871547208,
2014-06-09,1475.35,1470.5533798646811,
2014-06-10,1493.53,1477.2769712604272,
2014-06-11,1488.76,1493.1693408419833,
2014-06-12,1483.86,1487.0149439954682,
2014-06-13,1502.96,1482.27074670441,
2014-06-16,1518.7,1505.0319867510887,
2014-06-17,1501.94,1519.944084552151,
2014-06-18,1495.43,1500.7272668670907,
2014-06-19,1478.04,1494.0406498320672,
2014-06-20,1484.48,1478.0651183847747,
2014-06-23,1475.76,1482.0779235850932,
2014-06-24,1480.13,1474.9115032422596,
2014-06-25,1469.95,1478.1758657696842,
2014-06-26,1478.01,1467.4858617472364,
2014-06-27,1473.76,1476.5488114259547,
2014-06-30,1482.41,1472.5918320338794,
2014-07-01,1481.66,1482.0234189783548,
2014-07-02,1484.84,1480.111918353674,
2014-07-03,1489.55,1483.156564678536,
2014-07-04,1492.46,1488.7442904994493,
2014-07-07,1492.84,1491.0244617798094,
2014-07-08,1491.96,1491.5355439249265,
2014-07-09,1475.14,1489.4731704375647,
2014-07-10,1471.17,1474.6228271228038,
2014-07-11,1468.54,1469.4622225494938,
2014-07-14,1482.78,1467.7574820124366,
2014-07-15,1484.66,1482.2038345481926,
2014-07-16,1483.18,1483.9123550203715,
2014-07-17,1473.67,1483.511482971323,
2014-07-18,1478.76,1471.5694871578328,
2014-07-21,1479.84,1479.754596018621,
2014-07-22,1495.93,1478.3244878986739,
2014-07-23,1506.76,1497.9427800920903,
2014-07-24,1541.9,1508.7808129827324,
2014-07-25,1557.02,1548.0442545401627,
2014-07-28,1609.48,1558.3760498919976,
2014-07-29,1611.85,1620.5509185390213,
2014-07-30,1601.38,1615.7973079001488,
2014-07-31,1621.85,1605.4272837604162,
2014-08-01,1607.97,1623.3020775492894,
2014-08-04,1644.63,1614.4129328553777,
2014-08-05,1632.41,1648.0541455514037,
2014-08-06,1619.01,1632.971909669937,
2014-08-07,1593.42,1617.9499725694782,
2014-08-08,1595.66,1595.2964902821254,
2014-08-11,1619.25,1593.7660415358494,
2014-08-12,1607.91,1619.8248116519947,
2014-08-13,1610.14,1606.3151847908478,
2014-08-14,1596.84,1610.5095650132832,
2014-08-15,1612.0,1597.21985473148,
2014-08-18,1613.13,1612.163143493728,
2014-08-19,1609.09,1613.5889625697534,
2014-08-20,1600.34,1607.6344156853913,
2014-08-21,1587.03,1598.1907366753026,
2014-08-22,1594.18,1585.704660732672,
2014-08-25,1577.43,1592.8674169563315,
2014-08-26,1573.39,1577.041601243375,
2014-08-27,1572.79,1572.8367027434313,
2014-08-28,1563.89,1570.768377958536,
2014-08-29,1581.28,1563.9323888829063,
2014-09-01,1586.02,1580.2939647243975,
2014-09-02,1607.5,1584.5223925182925,
2014-09-03,1624.03,1609.256657137646,
2014-09-04,1637.29,1626.8224344047408,
2014-09-05,1656.24,1638.107751442094,
2014-09-09,1645.11,1658.2891330614286,
2014-09-10,1629.99,1645.7198196099273,
2014-09-11,1622.81,1628.2708525013009,
2014-09-12,1630.2,1626.8146612897801,
2014-09-15,1624.07,1628.6220440165955,
2014-09-16,1600.92,1622.0619050983876,
2014-09-17,1604.92,1604.1649340262707,
2014-09-18,1609.87,1603.0531155888095,
2014-09-19,1619.58,1610.468631789789,
2014-09-22,1583.89,1619.729504217533,
2014-09-23,1595.64,1585.0627110268038,
2014-09-24,1625.73,1594.7813722420376,
2014-09-25,1618.52,1630.3467599447476,
2014-09-26,1616.09,1620.239072369337,
2014-09-29,1621.82,1614.633285317074,
2014-09-30,1619.7,1622.1771646533564,
2014-10-08,1633.57,1618.7413920703243,
2014-10-09,1634.04,1633.3003286822109,
2014-10-10,1621.71,1634.3809504489193,
2014-10-13,1605.99,1621.549056732596,
2014-10-14,1600.3,1604.2903288582916,
2014-10-15,1612.77,1601.1048696750831,
2014-10-16,1608.74,1612.8598465397474,
2014-10-17,1608.52,1614.4528415594514,
2014-10-20,1612.4,1609.3384596177398,
2014-10-21,1600.84,1610.8757405006907,
2014-10-22,1597.13,1600.9102767329812,
2014-10-23,1586.56,1598.1994413658615,
2014-10-24,1583.42,1587.891533266126,
2014-10-27,1559.91,1582.4118401747412,
2014-10-28,1585.74,1558.1924753098558,
2014-10-29,1608.4,1586.3440421475218,
2014-10-30,1619.1,1612.0968123888827,
2014-10-31,1657.29,1622.443058132046,
2014-11-03,1651.05,1667.8126230939104,
2014-11-04,1645.62,1654.5591184992982,
2014-11-05,1637.63,1647.2434243248856,
2014-11-06,1635.96,1638.7145142046102,
2014-11-07,1640.32,1635.3877523896494,
2014-11-10,1689.02,1648.8909349059595,
2014-11-11,1710.88,1694.7414548655668,
2014-11-12,1731.02,1728.4833873235048,
2014-11-13,1726.34,1737.027052145052,
2014-11-14,1728.81,1734.6701462005283,
2014-11-17,1708.1,1730.1990189685048,
2014-11-18,1679.42,1714.2781704224533,
2014-11-19,1671.65,1681.5106624655477,
2014-11-20,1676.6,1670.8230343191292,
2014-11-21,1714.71,1676.7962206663124,
2014-11-24,1758.1,1719.7850231295631,
2014-11-25,1777.67,1771.2981028650793,
2014-11-26,1820.49,1783.8765257167536,
2014-11-27,1853.0,1829.7574934037928,
2014-11-28,1914.44,1861.4068183549662,
2014-12-01,1920.38,1936.3242828491198,
2014-12-02,2021.54,1944.4862385353958,
2014-12-03,2037.58,2052.941157825724,
2014-12-04,2160.66,2073.8101266569797,
2014-12-05,2200.25,2190.3449896768607,
2014-12-08,2298.85,2235.830761990557,
2014-12-09,2182.69,2334.572376265269,
2014-12-10,2254.82,2248.4329396676353,
2014-12-11,2193.54,2274.173174924762,
2014-12-12,2193.29,2217.375562823129,
2014-12-15,2201.54,2211.204474340525,
2014-12-16,2299.28,2208.948801533263,
2014-12-17,2383.95,2319.0949268734967,
2014-12-18,2364.04,2411.2826122402166,
2014-12-19,2390.28,2384.636414077239,
2014-12-22,2426.68,2406.3336304980585,
2014-12-23,2374.95,2460.283936505158,
2014-12-24,2270.88,2400.048434729767,
2014-12-25,2359.66,2286.595284152252,
2014-12-26,2464.82,2369.02948791374,
2014-12-29,2481.66,2487.0509677723076,
2014-12-30,2523.63,2507.783737993839,
2014-12-31,2581.57,2545.3302724910345,
2015-01-05,2649.64,2598.727039004781,
2015-01-06,2629.4,2673.3289272788375,
2015-01-07,2635.23,2655.821075054609,
2015-01-08,2558.11,2649.957386894092,
2015-01-09,2569.02,2571.9932616072224,
2015-01-12,2543.85,2604.905623038552,
2015-01-13,2527.83,2553.762821884065,
2015-01-14,2534.23,2532.1786358274016,
2015-01-15,2632.89,2539.8216542875225,
2015-01-16,2653.03,2646.0452539891576,
2015-01-19,2410.2,2668.5221847541648,
2015-01-20,2403.72,2429.6538953721397,
2015-01-21,2542.32,2413.3859759707107,
2015-01-22,2544.31,2561.908817508357,
2015-01-23,2564.51,2549.8957105176455,
2015-01-26,2562.36,2583.0693428800987,
2015-01-27,2522.1,2563.7881964874864,
2015-01-28,2486.28,2529.6855442769784,
2015-01-29,2442.04,2493.524245570751,
2015-01-30,2405.38,2442.421008533124,
2015-02-02,2332.53,2407.844886994668,
2015-02-03,2405.76,2334.011168216415,
2015-02-04,2372.46,2407.491354133399,
2015-02-05,2348.92,2379.275048923012,
2015-02-06,2325.24,2360.7654759511715,
2015-02-09,2366.77,2328.6351403827957,
2015-02-10,2403.55,2373.553794231145,
2015-02-11,2415.13,2405.913404271516,
2015-02-12,2416.45,2413.6643130377406,
2015-02-13,2427.47,2414.7728040150687,
2015-02-16,2431.21,2433.0133370430276,
2015-02-17,2445.26,2428.263673176816,
2015-02-25,2407.46,2445.5985469199813,
2015-02-26,2478.06,2407.0094635554187,
2015-02-27,2474.6,2485.0841279761144,
2015-03-02,2479.24,2477.0877025485843,
2015-03-03,2396.8,2479.0991545486468,
2015-03-04,2397.99,2399.933012088718,
2015-03-05,2366.9,2394.5748469341224,
2015-03-06,2371.62,2362.92522766422,
2015-03-09,2429.87,2370.7026520650934,
2015-03-10,2395.43,2440.117717823322,
2015-03-11,2408.5,2396.323536177546,
2015-03-12,2485.11,2413.6207047201224,
2015-03-13,2495.28,2495.3336824174603,
2015-03-16,2550.86,2503.2169944313173,
2015-03-17,2583.2,2555.190415598252,
2015-03-18,2649.64,2586.1803860339387,
2015-03-19,2630.24,2658.102265954404,
2015-03-20,2680.68,2632.6954479713368,
2015-03-23,2720.67,2693.0024973715035,
2015-03-24,2683.65,2724.451465017586,
2015-03-25,2649.16,2687.771595259107,
2015-03-26,2687.76,2653.0420284981274,
2015-03-27,2689.24,2696.81820321718,
2015-03-30,2784.46,2691.5900987263476,
2015-03-31,2754.66,2797.162930172991,
2015-04-01,2799.45,2775.0630695370382,
2015-04-02,2781.64,2805.922704801421,
2015-04-03,2817.18,2785.538185154519,
2015-04-07,2889.45,2819.5184323304275,
2015-04-08,2952.08,2895.7780970268277,
2015-04-09,2931.77,2963.1062353519374,
2015-04-10,2986.61,2951.2387629569403,
2015-04-13,3041.12,2994.2366230039215,
2015-04-14,3052.41,3048.095457628552,
2015-04-15,3053.3,3057.906908207844,
2015-04-16,3183.3,3070.2389256497972,
2015-04-17,3235.33,3200.0158921749216,
2015-04-20,3164.46,3247.8970186961733,
2015-04-21,3214.36,3190.785603687812,
2015-04-22,3299.22,3220.1634854614695,
2015-04-23,3273.4,3310.378743105568,
2015-04-24,3223.96,3278.429901533127,
2015-04-27,3308.45,3227.9016713369792,
2015-04-28,3282.33,3316.0780716826066,
2015-04-29,3283.28,3304.643333313139,
2015-04-30,3250.49,3285.8728511435856,
2015-05-04,3272.0,3257.978060089528,
2015-05-05,3148.81,3270.98273807347,
2015-05-06,3139.02,3162.0150999873854,
2015-05-07,3094.88,3155.9400106586586,
2015-05-08,3110.45,3096.6723305394676,
2015-05-11,3169.13,3108.537852635792,
2015-05-12,3188.31,3173.946835689821,
2015-05-13,3141.3,3192.9165735973725,
2015-05-14,3128.57,3143.9203234921365,
2015-05-15,3060.41,3128.4962860227893,
2015-05-18,2998.39,3062.0425577605956,
2015-05-19,3116.09,2996.601172847104,
2015-05-20,3122.85,3127.7979642489563,
2015-05-21,3150.9,3135.0188215333396,
2015-05-22,3248.86,3150.8546743046704,
2015-05-25,3349.95,3259.4586782312736,
2015-05-26,3386.59,3363.714720013565,
2015-05-27,3344.74,3390.2888942235286,
2015-05-28,3124.62,3353.687412674768,
2015-05-29,3111.33,3150.016921805606,
2015-06-01,3244.32,3110.0258928972835,
2015-06-02,3258.31,3254.939884325947,
2015-06-03,3238.43,3258.7636076444005,
2015-06-04,3299.03,3237.3764716542946,
2015-06-05,3303.99,3307.3253769826492,
2015-06-08,3458.71,3311.595856321342,
2015-06-09,3414.0,3481.8225881796893,
2015-06-10,3370.38,3425.4081683777254,
2015-06-11,3347.12,3377.6517811690055,
2015-06-12,3350.25,3346.035593602545,
2015-06-15,3262.48,3347.564229931458,
2015-06-16,3179.65,3269.362834296139,
2015-06-17,3211.71,3187.99205418915,
2015-06-18,3068.49,3209.530633665372,
2015-06-19,2903.06,3072.6216249475133,
2015-06-23,3003.16,2915.6167953026875,
2015-06-24,3045.24,3006.8994743135854,
2015-06-25,2943.99,3046.671171380473,
2015-06-26,2736.7,2958.4715191974615,
2015-06-29,2678.37,2765.4334449017524,
2015-06-30,2870.03,2690.6148569984452,
2015-07-01,2736.85,2895.0848650846633,
2015-07-02,2714.25,2753.1882688236224,
2015-07-03,2582.27,2729.115790720771,
2015-07-06,2750.0,2603.1009766527986,
2015-07-07,2812.45,2764.8211180170524,
2015-07-08,2608.98,2841.858641502025,
2015-07-09,2781.08,2650.0904750376117,
2015-07-10,2898.41,2824.3458912462506,
2015-07-13,2869.05,2946.965355395582,
2015-07-14,2763.07,2891.2998406443303,
2015-07-15,2757.95,2772.743501980054,
2015-07-16,2742.85,2763.466344579771,
2015-07-17,2807.06,2743.132356498211,
2015-07-20,2783.76,2815.1871504681462,
2015-07-21,2772.77,2784.417363428686,
2015-07-22,2739.79,2774.6676807245562,
2015-07-23,2790.76,2737.6663471002184,
2015-07-24,2741.04,2792.2232188714165,
2015-07-27,2493.29,2743.887364109399,
2015-07-28,2485.67,2510.8454913024143,
2015-07-29,2531.44,2494.9574469494,
2015-07-30,2467.37,2529.1674387160865,
2015-07-31,2461.24,2471.380128979322,
2015-08-03,2479.72,2460.9583965349802,
2015-08-04,2534.71,2477.3897678493186,
2015-08-05,2487.06,2534.871853012608,
2015-08-06,2467.52,2486.501385392559,
2015-08-07,2503.8,2470.037527686398,
2015-08-10,2617.66,2501.607589501428,
2015-08-11,2590.71,2625.5114353239965,
2015-08-12,2561.13,2589.9550295255503,
2015-08-13,2580.78,2562.3007610424493,
2015-08-14,2577.04,2575.8179406542536,
2015-08-17,2550.47,2570.5321380936257,
2015-08-18,2407.97,2542.895016395041,
2015-08-19,2430.28,2419.579643769504,
2015-08-20,2356.92,2426.39653967222,
2015-08-21,2271.36,2355.9810115333953,
2015-08-24,2058.25,2275.2065860801235,
2015-08-25,1914.05,2064.6228787376754,
2015-08-26,1942.45,1928.7712695851915,
2015-08-27,2094.72,1955.8482979970006,
2015-08-28,2159.96,2104.1534246543333,
2015-08-31,2210.45,2166.096180074859,
2015-09-01,2230.32,2220.5977254485806,
2015-09-02,2243.63,2240.123352588672,
2015-09-07,2133.98,2254.0808481121344,
2015-09-08,2180.13,2144.1859139037206,
2015-09-09,2211.2,2182.3545820261184,
2015-09-10,2208.48,2212.0313080515184,
2015-09-11,2195.39,2208.1433275269824,
2015-09-14,2228.15,2194.7024369490796,
2015-09-15,2175.17,2224.925203578648,
2015-09-16,2241.95,2170.180992832181,
2015-09-17,2194.82,2256.325121794881,
2015-09-18,2198.99,2201.3533470432803,
2015-09-21,2214.45,2198.5090462639523,
2015-09-22,2237.31,2213.3279639212374,
2015-09-23,2178.55,2239.5410051326035,
2015-09-24,2188.09,2177.558765846292,
2015-09-25,2183.4,2183.0973422533484,
2015-09-28,2169.94,2178.3685523205213,
2015-09-29,2127.2,2163.985399850843,
2015-09-30,2146.12,2122.3230264170265,
2015-10-08,2191.34,2144.250489348755,
2015-10-09,2219.29,2191.2285249996135,
2015-10-12,2283.43,2218.616286803892,
2015-10-13,2270.95,2294.0669826948756,
2015-10-14,2253.91,2269.0924272355746,
2015-10-15,2297.9,2254.182966957821,
2015-10-16,2323.78,2297.400956881078,
2015-10-19,2318.47,2320.744133917497,
2015-10-20,2337.08,2317.877057196775,
2015-10-21,2340.36,2333.9121066818643,
2015-10-22,2331.79,2340.599773756694,
2015-10-23,2343.96,2328.8871800623165,
2015-10-26,2350.02,2339.3985410643936,
2015-10-27,2349.9,2348.7715821573483,
2015-10-28,2310.7,2343.789683740911,
2015-10-29,2307.35,2306.798289665193,
2015-10-30,2312.97,2301.722091451975,
2015-11-02,2280.09,2311.8244965776626,
2015-11-03,2271.65,2278.359096359483,
2015-11-04,2370.5,2267.96070196899,
2015-11-05,2440.65,2377.7945262505314,
2015-11-06,2493.48,2462.5504166223513,
2015-11-09,2534.08,2500.0614956166546,
2015-11-10,2522.68,2549.5909950317514,
2015-11-11,2505.83,2528.231741212164,
2015-11-12,2476.43,2498.754910101503,
2015-11-13,2447.77,2471.4771560902163,
2015-11-16,2447.29,2445.409324863308,
2015-11-17,2453.26,2442.266981637426,
2015-11-18,2439.45,2459.4374764959275,
2015-11-19,2468.49,2437.520993710075,
2015-11-20,2466.76,2463.845630071574,
2015-11-23,2456.84,2463.044407103488,
2015-11-24,2447.9,2454.900231401522,
2015-11-25,2459.56,2439.9100810564028,
2015-11-26,2450.96,2453.491293879777,
2015-11-27,2334.44,2448.220831907388,
2015-11-30,2336.29,2336.2580423206837,
2015-12-01,2344.83,2329.6617986433744,
2015-12-02,2458.41,2342.0102693365616,
2015-12-03,2461.45,2469.1862418764094,
2015-12-04,2397.56,2463.856678244174,
2015-12-07,2395.58,2395.6952800001177,
2015-12-08,2364.34,2388.915397366717,
2015-12-09,2369.74,2357.7898570814637,
2015-12-10,2357.21,2366.6816172956983,
2015-12-11,2342.45,2359.009221818532,
2015-12-14,2414.92,2336.9576226881913,
2015-12-15,2383.83,2421.6489768025494,
2015-12-16,2376.54,2379.973188863683,
2015-12-17,2408.32,2371.710625294079,
2015-12-18,2422.83,2407.7895449053317,
2015-12-21,2500.06,2429.3052042205063,
2015-12-22,2496.05,2509.01711105265,
2015-12-23,2503.06,2491.9887514949514,
2015-12-24,2481.75,2509.350711741865,
2015-12-25,2492.34,2476.8566910509703,
2015-12-28,2411.41,2485.817258334742,
2015-12-29,2432.88,2412.5056279393048,
2015-12-30,2432.77,2427.027555164426,
2015-12-31,2420.8,2423.946072837405,
2016-01-04,2270.46,2415.7012691025766,
2016-01-05,2288.11,2276.438881970903,
2016-01-06,2317.65,2290.6361741487544,
2016-01-07,2180.59,2314.1949675974633,
2016-01-08,2219.61,2181.8874748069697,
2016-01-11,2120.23,2219.63951556242,
2016-01-12,2131.37,2123.062093101832,
2016-01-13,2105.51,2127.473816546346,
2016-01-14,2132.08,2105.002464802301,
2016-01-15,2070.93,2135.987470717821,
2016-01-18,2069.27,2071.982428988254,
2016-01-19,2128.57,2072.0770980299767,
2016-01-20,2088.72,2131.7447294474946,
2016-01-21,2040.98,2088.1426702132426,
2016-01-22,2061.96,2048.9058128038287,
2016-01-25,2065.44,2058.4175485454375,
2016-01-26,1951.61,2061.4787251881658,
2016-01-27,1953.46,1955.8865453886017,
2016-01-28,1912.72,1949.4720137059205,
2016-01-29,1973.01,1913.4216910305367,
2016-02-01,1937.07,1978.2097408923687,
2016-02-02,1969.62,1936.527081219536,
2016-02-03,1952.37,1971.7093764883634,
2016-02-04,1974.24,1948.259322469379,
2016-02-05,1967.26,1973.4184787552158,
2016-02-15,1948.28,1965.2586929406218,
2016-02-16,2000.9,1948.9124032255518,
2016-02-17,2014.44,2003.1259557381943,
2016-02-18,2009.27,2013.9359089286002,
2016-02-19,2004.11,2009.9025395299861,
2016-02-22,2053.86,2001.3553326913527,
2016-02-23,2029.52,2055.8562333670725,
2016-02-24,2041.39,2026.88977524397,
2016-02-25,1932.6,2038.5425862191573,
2016-02-26,1955.4,1938.2578524169396,
2016-02-29,1944.61,1951.5455324487505,
2016-03-01,1973.19,1938.1269943988211,
2016-03-02,2043.41,1975.3750757792698,
2016-03-03,2053.27,2048.752828115202,
2016-03-04,2122.27,2052.1042248480007,
2016-03-07,2107.67,2130.6022802230996,
2016-03-08,2115.16,2108.3973197279174,
2016-03-09,2111.92,2110.6251468897726,
2016-03-10,2061.45,2110.466937583113,
2016-03-11,2070.72,2061.267905097544,
2016-03-14,2078.41,2067.2495385000348,
2016-03-15,2101.12,2082.6076607102345,
2016-03-16,2136.13,2099.0371889937546,
2016-03-17,2131.48,2139.1387676466356,
2016-03-18,2141.18,2132.4513948419453,
2016-03-21,2193.39,2142.5074721873343,
2016-03-22,2173.26,2199.049118950474,
2016-03-23,2175.28,2172.625962222661,
2016-03-24,2137.59,2172.6663145277994,
2016-03-25,2149.2,2133.4744001316685,
2016-03-28,2123.03,2145.7357908628887,
2016-03-29,2106.86,2123.3016057362,
2016-03-30,2157.53,2103.8260733294037,
2016-03-31,2156.54,2156.793957118564,
2016-04-01,2167.78,2153.634361493651,
2016-04-05,2180.26,2162.76131478934,
2016-04-06,2168.04,2180.0342960677062,
2016-04-07,2139.4,2164.0991805750673,
2016-04-08,2123.8,2137.4404394426083,
2016-04-11,2148.44,2118.5601365289276,
2016-04-12,2143.9,2148.4849222282946,
2016-04-13,2171.31,2138.8008040495756,
2016-04-14,2178.87,2175.111164019224,
2016-04-15,2182.07,2175.834291088233,
2016-04-18,2158.23,2178.5471075037094,
2016-04-19,2163.61,2153.46228686859,
2016-04-20,2154.89,2158.577170297382,
2016-04-21,2147.72,2148.2715064186077,
2016-04-22,2157.72,2148.4212882880015,
2016-04-25,2148.28,2155.1685468582373,
2016-04-26,2155.79,2143.407613074022,
2016-04-27,2145.38,2152.6792597718522,
2016-04-28,2142.06,2140.9718044030997,
2016-04-29,2135.51,2138.0028696456984,
2016-05-03,2158.27,2131.96015098422,
2016-05-04,2152.93,2157.356754070447,
2016-05-05,2152.88,2148.8306492727424,
2016-05-06,2107.01,2147.914053527972,
2016-05-09,2072.47,2105.6347737683545,
2016-05-10,2072.38,2067.875654569182,
2016-05-11,2078.41,2069.9925616577752,
2016-05-12,2084.84,2074.717146950926,
2016-05-13,2076.19,2081.858021980578,
2016-05-16,2082.62,2073.6378255385066,
2016-05-17,2075.47,2078.52374985666,
2016-05-18,2078.76,2070.85184240923,
2016-05-19,2073.8,2074.5903514904385,
2016-05-20,2083.12,2070.760198780649,
2016-05-23,2082.41,2079.354605880649,
2016-05-24,2066.64,2080.149643022399,
2016-05-25,2071.91,2062.1626711055483,
2016-05-26,2076.14,2068.2489321176777,
2016-05-27,2074.92,2072.7286817515874,
2016-05-30,2092.16,2070.626405349768,
2016-05-31,2155.66,2088.61916210357,
2016-06-01,2138.96,2159.6411569569673,
2016-06-02,2137.65,2136.9462877293986,
2016-06-03,2152.64,2133.8094379045806,
2016-06-06,2136.32,2148.7042653298145,
2016-06-07,2139.07,2131.9334686918824,
2016-06-08,2132.96,2134.3492039618486,
2016-06-13,2084.3,2127.4852796868736,
2016-06-14,2095.02,2082.6556395214675,
2016-06-15,2106.63,2091.0062092176267,
2016-06-16,2094.81,2106.789979354149,
2016-06-17,2102.2,2091.578032002931,
2016-06-20,2104.22,2101.2911169209356,
2016-06-21,2104.56,2099.1164361723886,
2016-06-22,2115.77,2105.1238898041192,
2016-06-23,2105.53,2112.1534914903136,
2016-06-24,2076.3,2100.560687735183,
2016-06-27,2095.89,2074.725719996729,
2016-06-28,2102.05,2093.055950887487,
2016-06-29,2122.97,2098.4030753258417,
2016-06-30,2122.63,2120.35775343775,
2016-07-01,2127.09,2119.6406415339598,
2016-07-04,2163.29,2123.781177619396,
2016-07-05,2168.86,2165.0687488257677,
2016-07-06,2167.1,2166.1346283534663,
2016-07-07,2166.88,2161.859451198807,
2016-07-08,2148.76,2163.1652822172905,
2016-07-11,2155.72,2143.6517676156923,
2016-07-12,2200.35,2155.7460571989423,
2016-07-13,2197.79,2200.63365235561,
2016-07-14,2195.23,2200.0037788110703,
2016-07-15,2192.39,2189.970274064399,
2016-07-18,2187.98,2187.442797331794,
2016-07-19,2175.4,2186.2543127259246,
2016-07-20,2167.12,2170.59931396063,
2016-07-21,2177.78,2162.070310502211,
2016-07-22,2157.23,2174.953620118423,
2016-07-25,2159.55,2152.855403199983,
2016-07-26,2182.5,2155.791767922283,
2016-07-27,2173.97,2179.785037881543,
2016-07-28,2163.81,2165.732952236149,
2016-07-29,2155.24,2160.343339131055,
2016-08-01,2147.56,2150.590757759499,
2016-08-02,2148.45,2141.894520091581,
2016-08-03,2145.79,2142.7056084070077,
2016-08-04,2143.84,2141.239029923542,
2016-08-05,2148.68,2137.1786650697186,
2016-08-08,2159.67,2146.198202436151,
2016-08-09,2175.35,2154.53215346185,
2016-08-10,2170.1,2172.0537015487917,
2016-08-11,2177.06,2166.356684063172,
2016-08-12,2222.49,2180.924947831023,
2016-08-15,2287.66,2222.1665141455746,
2016-08-16,2257.7,2296.858485297648,
2016-08-17,2253.74,2259.0526054532306,
2016-08-18,2244.72,2250.462678946061,
2016-08-19,2249.34,2244.5298512399745,
2016-08-22,2237.13,2244.001925783039,
2016-08-23,2241.95,2232.9299727415946,
2016-08-24,2232.21,2240.1235462393743,
2016-08-25,2222.15,2226.906690042944,
2016-08-26,2219.31,2214.622128815137,
2016-08-29,2214.26,2215.407569314439,
2016-08-30,2224.06,2207.7180723474653,
2016-08-31,2232.71,2220.3887408878986,
2016-09-01,2220.4,2228.309460067663,
2016-09-02,2229.89,2216.1913095830105,
2016-09-05,2228.72,2225.163561010317,
2016-09-06,2232.45,2224.6357568616654,
2016-09-07,2236.55,2228.158209974999,
2016-09-08,2236.63,2232.8026075685775,
2016-09-09,2229.31,2230.7487124458703,
2016-09-12,2199.98,2224.693703445533,
2016-09-13,2193.19,2193.0078080196167,
2016-09-14,2176.52,2186.9145939178097,
2016-09-19,2189.46,2171.283435736612,
2016-09-20,2184.21,2184.3885928889345,
2016-09-21,2187.15,2178.489738954814,
2016-09-22,2200.7,2182.0906204421435,
2016-09-23,2196.29,2197.3340451915506,
2016-09-26,2167.26,2190.9389235009453,
2016-09-27,2176.45,2163.0430996744735,
2016-09-28,2166.72,2171.219882743737,
2016-09-29,2175.37,2161.2238709124927,
2016-09-30,2177.35,2171.3348818049612,
2016-10-10,2202.87,2172.302894554438,
2016-10-11,2209.23,2198.263711593971,
2016-10-12,2201.0,2204.0448231363325,
2016-10-13,2202.12,2194.5632111173627,
2016-10-14,2209.81,2195.839648779126,
2016-10-17,2192.88,2204.3587185317547,
2016-10-18,2222.78,2187.711765195857,
2016-10-19,2221.53,2219.940337677005,
2016-10-20,2223.42,2217.156020610628,
2016-10-21,2240.75,2217.959544946862,
2016-10-24,2270.95,2237.8434075962996,
2016-10-25,2266.17,2271.014844867278,
2016-10-26,2257.12,2260.900819784798,
2016-10-27,2250.26,2251.582551844981,
2016-10-28,2253.8,2243.5607227707173,
2016-10-31,2250.47,2251.016024098584,
2016-11-01,2263.48,2243.123964291508,
2016-11-02,2244.74,2257.142803865672,
2016-11-03,2273.63,2239.2017933711495,
2016-11-04,2271.93,2272.247327648555,
2016-11-07,2276.95,2268.5337300200567,
2016-11-08,2282.42,2270.46387072468,
2016-11-09,2263.92,2278.1388970820126,
2016-11-10,2289.45,2256.852831161288,
2016-11-11,2308.43,2285.851674766012,
2016-11-14,2317.77,2306.618797529662,
2016-11-15,2310.9,2318.84944360053,
2016-11-16,2309.94,2304.9536407255696,
2016-11-17,2316.72,2303.0164403475333,
2016-11-18,2307.27,2309.950089177937,
2016-11-21,2334.68,2302.1660373141267,
2016-11-22,2353.0,2335.2517603826745,
2016-11-23,2360.34,2350.415906505352,
2016-11-24,2368.73,2358.390650133744,
2016-11-25,2393.95,2366.005338455879,
2016-11-28,2403.14,2387.4908442558053,
2016-11-29,2441.58,2403.177033802942,
2016-11-30,2419.41,2443.4980341609216,
2016-12-01,2431.31,2416.7691311789395,
2016-12-02,2416.51,2430.90309327051,
2016-12-05,2375.26,2411.804979786158,
2016-12-06,2368.68,2371.1941861437485,
2016-12-07,2376.92,2364.9029180750917,
2016-12-08,2379.0,2370.3719833404375,
2016-12-09,2411.31,2373.999525409731,
2016-12-12,2387.16,2411.7814336863617,
2016-12-13,2372.93,2384.493942359745,
2016-12-14,2360.38,2367.2269531347592,
2016-12-15,2309.82,2358.3631742199977,
2016-12-16,2302.32,2306.4882818468905,
2016-12-19,2291.38,2298.40099735457,
2016-12-20,2279.68,2285.852261315546,
2016-12-21,2297.37,2272.955299502628,
2016-12-22,2292.04,2294.820569665744,
2016-12-23,2278.48,2286.2354852720096,
2016-12-26,2294.71,2273.052799282587,
2016-12-27,2286.96,2289.6439983939404,
2016-12-28,2277.18,2283.1121521721366,
2016-12-29,2275.11,2271.4843706197535,
2016-12-30,2286.9,2270.0736683285663,
2017-01-03,2307.89,2279.8836251930366,
2017-01-04,2322.21,2302.371237498368,
2017-01-05,2322.68,2315.778827615055,
2017-01-06,2308.94,2315.1793346130885,
2017-01-09,2318.34,2302.475273268047,
2017-01-10,2312.6,2311.749166327213,
2017-01-11,2300.47,2305.537052634939,
2017-01-12,2295.4,2294.4111817882526,
2017-01-13,2308.06,2289.683784392515,
2017-01-16,2337.39,2302.6229751150336,
2017-01-17,2329.6,2334.0727787606284,
2017-01-18,2342.78,2321.525258909167,
2017-01-19,2334.96,2336.0931520523764,
2017-01-20,2347.18,2328.7465136552246,
2017-01-23,2347.1,2339.6624378029965,
2017-01-24,2352.42,2339.5120909209822,
2017-01-25,2358.7,2344.6034779556508,
2017-01-26,2364.02,2350.129194070097,
2017-02-03,2339.99,2356.998851923092,
2017-02-06,2343.97,2333.079733054663,
2017-02-07,2337.53,2336.0868654116657,
2017-02-08,2346.43,2329.5775078698307,
2017-02-09,2354.9,2338.3577733998773,
2017-02-10,2368.18,2349.3124920983937,
2017-02-13,2379.31,2362.550429086851,
2017-02-14,2373.51,2372.6032689236836,
2017-02-15,2372.19,2364.9527391244437,
2017-02-16,2376.76,2366.4470360268797,
2017-02-17,2362.71,2368.469247380185,
2017-02-20,2394.12,2357.752599352816,
2017-02-21,2396.88,2389.18101276964,
2017-02-22,2398.19,2391.035576941703,
2017-02-23,2387.42,2388.893507313108,
2017-02-24,2389.88,2379.675053016539,
2017-02-27,2370.56,2380.9858934638723,
2017-02-28,2370.71,2363.0958205739626,
2017-03-01,2371.93,2363.0843815829226,
2017-03-02,2354.91,2365.859621770427,
2017-03-03,2347.15,2348.2335531455064,
2017-03-06,2349.89,2338.066180807801,
2017-03-07,2356.29,2342.18834374702,
2017-03-08,2358.07,2347.7003593121867,
2017-03-09,2346.55,2350.749961622566,
2017-03-10,2339.23,2337.424489632282,
2017-03-13,2354.89,2331.2538256705575,
2017-03-14,2354.9,2346.500799854714,
2017-03-15,2357.31,2346.5841496735798,
2017-03-16,2369.19,2348.1402218598137,
2017-03-17,2346.96,2363.1943769278714,
2017-03-20,2350.07,2340.388741703392,
2017-03-21,2357.14,2341.2689969982844,
2017-03-22,2338.55,2349.202870759033,
2017-03-23,2347.43,2331.599334988074,
2017-03-24,2365.6,2341.0443142647846,
2017-03-27,2364.43,2359.9945119119825,
2017-03-28,2356.31,2360.373211047219,
2017-03-29,2352.69,2348.223217300669,
2017-03-30,2346.67,2345.835898177624,
2017-03-31,2359.75,2338.9709865423106,
2017-04-05,2384.26,2353.955637003952,
2017-04-06,2390.39,2378.600889816958,
2017-04-07,2388.27,2384.554627247264,
2017-04-10,2379.16,2381.3979145635326,
2017-04-11,2382.11,2373.4473897995404,
2017-04-12,2378.86,2374.05380959792,
2017-04-13,2368.11,2371.603217106507,
2017-04-14,2355.52,2361.378037634878,
2017-04-17,2357.52,2347.858250705069,
2017-04-18,2337.35,2349.7276113681783,
2017-04-19,2325.04,2331.1635733133708,
2017-04-20,2335.65,2318.04370035307,
2017-04-21,2347.67,2329.517894034127,
2017-04-24,2341.93,2342.1963584221594,
2017-04-25,2344.74,2333.04896731793,
2017-04-26,2344.5,2338.725738042,
2017-04-27,2351.64,2340.963188660753,
2017-04-28,2347.04,2344.9828435997065,
2017-05-02,2336.79,2338.2215227388865,
2017-05-03,2329.77,2332.392036674182,
2017-05-04,2325.43,2324.4143485833424,
2017-05-05,2320.6,2319.776969857374,
2017-05-08,2326.1,2311.6943482962374,
2017-05-09,2316.29,2319.5403640367076,
2017-05-10,2324.92,2310.286405361288,
2017-05-11,2339.29,2322.188959715052,
2017-05-12,2375.45,2333.9879861612244,
2017-05-15,2381.75,2369.6937408091667,
2017-05-16,2381.32,2378.5140333161785,
2017-05-17,2363.56,2372.5740975008084,
2017-05-18,2354.75,2358.000344033764,
2017-05-19,2361.66,2349.5974081026693,
2017-05-22,2381.55,2355.440865163507,
2017-05-23,2411.8,2375.804633377535,
2017-05-24,2407.57,2406.084243801372,
2017-05-25,2473.5,2398.47314136334,
2017-05-26,2471.21,2469.3765323611706,
2017-05-31,2479.08,2466.7669064655306,
2017-06-01,2496.45,2476.9987832319985,
2017-06-02,2475.46,2489.438794100115,
2017-06-05,2450.35,2470.3144720921664,
2017-06-06,2466.01,2444.5447254457054,
2017-06-07,2484.03,2459.1025476638724,
2017-06-08,2507.03,2479.34192102686,
2017-06-09,2519.27,2500.2886831758556,
2017-06-12,2521.17,2517.2002982337467,
2017-06-13,2515.14,2519.2361637387867,
2017-06-14,2477.32,2505.9189050597383,
2017-06-15,2461.97,2470.3553134914305,
2017-06-16,2452.79,2455.653320408818,
2017-06-19,2484.12,2447.734464681263,
2017-06-20,2474.43,2478.0043538702735,
2017-06-21,2497.25,2467.643965206578,
2017-06-22,2516.67,2487.665544125389,
2017-06-23,2529.1,2517.818430783892,
2017-06-26,2543.32,2521.081575156167,
2017-06-27,2554.7,2541.644899423218,
2017-06-28,2537.64,2546.8891699014057,
2017-06-29,2552.98,2534.0832781119757,
2017-06-30,2549.97,2544.771331983702,
2017-07-03,2534.37,2543.433940402607,
2017-07-04,2511.15,2527.1575668555215,
2017-07-05,2548.1,2505.548019050175,
2017-07-06,2553.88,2544.531530729947,
2017-07-07,2543.66,2548.716936468216,
2017-07-10,2550.11,2536.35685622495,
2017-07-11,2570.59,2545.5066074166016,
2017-07-12,2565.14,2570.935555872021,
2017-07-13,2600.95,2565.8518388164994,
2017-07-14,2622.98,2597.1178937140057,
2017-07-17,2631.41,2617.182546006299,
2017-07-18,2624.31,2629.1214402297965,
2017-07-19,2657.89,2618.483411738802,
2017-07-20,2665.45,2654.641722603218,
2017-07-21,2639.21,2658.794025076797,
2017-07-24,2654.38,2634.250816704248,
2017-07-25,2643.07,2651.229707114535,
2017-07-26,2636.2,2639.4457071958577,
2017-07-27,2636.63,2632.7579499386284,
2017-07-28,2636.39,2628.152546022382,
2017-07-31,2638.12,2630.5110547048744,
2017-08-01,2681.81,2633.9040913142153,
2017-08-02,2680.63,2677.483951711414,
2017-08-03,2646.22,2678.299811912697,
2017-08-04,2627.8,2644.0950776011005,
2017-08-07,2634.18,2624.5153425138196,
2017-08-08,2635.18,2629.35490544164,
2017-08-09,2620.38,2628.853402661308,
2017-08-10,2611.34,2615.4166303013335,
2017-08-11,2570.26,2606.5680883923433,
2017-08-14,2591.45,2566.9348309439183,
2017-08-15,2605.24,2587.6468619812485,
2017-08-16,2595.0,2604.3030132943477,
2017-08-17,2604.08,2588.0566109753463,
2017-08-18,2613.26,2597.8179871587117,
2017-08-21,2616.82,2608.8204850874454,
2017-08-22,2643.5,2612.0059370604313,
2017-08-23,2659.78,2638.013949777125,
2017-08-24,2646.4,2657.7692562447846,
2017-08-25,2706.24,2643.743386516514,
2017-08-28,2736.46,2703.848153816454,
2017-08-29,2739.13,2739.4353540189168,
2017-08-30,2728.23,2733.49968818223,
2017-08-31,2714.63,2726.568624726352,
2017-09-01,2710.12,2709.073309640023,
2017-09-04,2711.35,2707.886726780482,
2017-09-05,2729.85,2704.7548597922464,
2017-09-06,2714.33,2726.9184490765433,
2017-09-07,2691.83,2707.898301976331,
2017-09-08,2686.69,2686.9884345722244,
2017-09-11,2674.75,2682.2272360734964,
2017-09-12,2692.54,2673.6431416941914,
2017-09-13,2687.67,2686.6072610903448,
2017-09-14,2672.84,2680.990020074599,
2017-09-15,2668.38,2668.3471684939186,
2017-09-18,2674.18,2663.40807284889,
2017-09-19,2670.69,2673.7191538804923,
2017-09-20,2662.63,2665.623177687951,
2017-09-21,2675.55,2658.8034944980673,
2017-09-22,2679.05,2673.825333498131,
2017-09-25,2680.65,2675.283522488058,
2017-09-26,2678.99,2675.089055001968,
2017-09-27,2661.55,2673.774748602044,
2017-09-28,2661.28,2656.5640905635028,
2017-09-29,2672.33,2654.6314624602755,
2017-10-09,2692.08,2669.625068449923,
2017-10-10,2695.54,2690.528516271178,
2017-10-11,2707.52,2691.1949041596113,
2017-10-12,2718.35,2704.909755333093,
2017-10-13,2713.38,2714.3889351689368,
2017-10-16,2726.64,2708.9433404493616,
2017-10-17,2723.53,2724.3633856050387,
2017-10-18,2753.01,2718.8715623333824,
2017-10-19,2756.04,2748.798775962965,
2017-10-20,2737.64,2749.3990134976316,
2017-10-23,2734.37,2731.6172784686332,
2017-10-24,2753.65,2729.1121080134294,
2017-10-25,2752.14,2750.8089789456553,
2017-10-26,2771.04,2745.9029467740393,
2017-10-27,2814.27,2769.6614271368376,
2017-10-30,2809.11,2811.3937625918497,
2017-10-31,2793.71,2802.133949690139,
2017-11-01,2789.4,2786.750802036696,
2017-11-02,2794.1,2788.1824316330694,
2017-11-03,2800.47,2786.371241427277,
2017-11-06,2792.22,2793.047951615902,
2017-11-07,2821.96,2784.030549868872,
2017-11-08,2819.96,2820.4149691387593,
2017-11-09,2832.96,2819.904618438889,
2017-11-10,2862.34,2827.6198125229093,
2017-11-13,2873.51,2859.8174937036547,
2017-11-14,2861.42,2870.841925675656,
2017-11-15,2850.05,2856.3136297523397,
2017-11-16,2879.4,2845.9399302942375,
2017-11-17,2938.8,2876.0489742618192,
2017-11-20,2941.15,2938.354313267915,
2017-11-21,2987.17,2933.9880518693644,
2017-11-22,3012.36,2992.1721230755174,
2017-11-23,2940.73,3011.9137545533185,
2017-11-24,2936.83,2939.112106937004,
2017-11-27,2917.31,2929.5077063089666,
2017-11-28,2897.11,2906.506357064076,
2017-11-29,2893.28,2888.8053000499995,
2017-11-30,2863.45,2884.3832251627437,
2017-12-01,2842.18,2860.644108097473,
2017-12-04,2861.36,2837.068586373292,
2017-12-05,2910.48,2858.771845885712,
2017-12-06,2875.73,2912.4872609848703,
2017-12-07,2848.89,2866.6494161077103,
2017-12-08,2865.34,2842.970075577994,
2017-12-11,2899.1,2861.4827540687184,
2017-12-12,2850.2,2895.556478241025,
2017-12-13,2872.94,2847.2719792439075,
2017-12-14,2850.05,2868.254615215607,
2017-12-15,2820.17,2844.911656371789,
2017-12-18,2829.06,2815.3181275924057,
2017-12-19,2873.03,2826.3744264212223,
2017-12-20,2879.64,2870.477013822071,
2017-12-21,2895.37,2874.3348697820356,
2017-12-22,2880.77,2893.1824909521874,
2017-12-25,2880.1,2875.8000063839863,
2017-12-26,2894.34,2881.6030350214155,
2017-12-27,2839.63,2888.7310000217894,
2017-12-28,2859.05,2835.6614442313944,
2017-12-29,2860.44,2855.544710927331,
2018-01-02,2908.73,2856.770952430977,
2018-01-03,2913.26,2907.1051076134995,
2018-01-04,2919.48,2915.672272383116,
2018-01-05,2932.36,2916.3316000947366,
2018-01-08,2947.76,2927.6614650824163,
2018-01-09,2969.32,2942.752241346581,
2018-01-10,2995.56,2965.433082004318,
2018-01-11,2997.04,2992.1999083092405,
2018-01-12,3018.6,2994.1186840385317,
2018-01-15,3048.81,3013.31211461273,
2018-01-16,3063.86,3049.495068363865,
2018-01-17,3076.18,3058.434708320545,
2018-01-18,3106.55,3084.205337373464,
2018-01-19,3117.82,3104.1819948570246,
2018-01-22,3130.33,3115.169227591546,
2018-01-23,3176.5,3129.1508369685685,
2018-01-24,3180.33,3171.986384375562,
2018-01-25,3157.46,3173.1290889883035,
2018-01-26,3172.78,3148.100530605878,
2018-01-29,3120.7,3173.4604507476092,
2018-01-30,3079.12,3119.304992363111,
2018-01-31,3116.83,3078.153073014008,
2018-02-01,3141.23,3115.348878760882,
2018-02-02,3149.64,3134.237718701224,
2018-02-05,3181.34,3142.817937589308,
2018-02-06,3117.49,3182.0615042242407,
2018-02-07,3029.6,3114.6334959351443,
2018-02-08,2945.84,3034.480627688255,
2018-02-09,2810.03,2943.2098143455687,
2018-02-12,2805.21,2797.9591546681663,
2018-02-13,2852.72,2800.2352171496764,
2018-02-14,2871.79,2858.6429819836094,
2018-02-22,2931.88,2866.6539229443665,
2018-02-23,2957.17,2927.9418283195805,
2018-02-26,2973.79,2954.411760166988,
2018-02-27,2927.1,2966.945918993781,
2018-02-28,2878.67,2923.689025939366,
2018-03-01,2891.3,2873.4267285613823,
2018-03-02,2864.18,2891.4978522304386,
2018-03-05,2863.99,2862.9243169442557,
2018-03-06,2892.48,2862.735245021156,
2018-03-07,2878.15,2882.8773336157865,
2018-03-08,2898.25,2880.124437505291,
2018-03-09,2908.2,2894.072341864812,
2018-03-12,2909.58,2903.0966979000054,
2018-03-13,2883.38,2904.341046164607,
2018-03-14,2871.33,2881.650852164573,
2018-03-15,2894.98,2866.110862081175,
2018-03-16,2870.73,2892.518650362936,
2018-03-19,2897.26,2870.639597961444,
2018-03-20,2904.4,2892.472340527747,
2018-03-21,2894.18,2901.7799220976276,
2018-03-22,2866.67,2889.4017945393584,
2018-03-23,2791.47,2862.676822084855,
2018-03-26,2738.87,2783.2861414761455,
2018-03-27,2747.59,2731.530242826339,
2018-03-28,2694.83,2741.6763790909563,
2018-03-29,2738.79,2698.0580427848377,
2018-03-30,2722.15,2736.875959782791,
2018-04-02,2711.37,2718.237500072834,
2018-04-03,2697.27,2716.6448621673617,
2018-04-04,2702.37,2695.153058054875,
2018-04-09,2715.73,2703.745403223121,
2018-04-10,2780.8,2710.8679529441147,
2018-04-11,2785.34,2780.7470653830296,
2018-04-12,2749.7,2784.3051457917536,
2018-04-13,2726.4,2746.5081763985704,
2018-04-16,2664.7,2724.441655558446,
2018-04-17,2635.7,2662.3279828346504,
2018-04-18,2653.77,2635.3231697143096,
2018-04-19,2682.55,2645.5979215816706,
2018-04-20,2647.38,2681.995106877355,
2018-04-23,2664.92,2643.504050986654,
2018-04-24,2722.85,2664.356045802821,
2018-04-25,2702.98,2727.3200215575657,
2018-04-26,2666.02,2700.4893938831497,
2018-04-27,2653.54,2663.2517856662503,
2018-05-02,2652.73,2644.613234716612,
2018-05-03,2663.98,2647.529943549186,
2018-05-04,2646.35,2660.4998662459902,
2018-05-07,2683.85,2644.6287136275487,
2018-05-08,2722.88,2681.561747060029,
2018-05-09,2717.24,2725.722125880412,
2018-05-10,2729.4,2712.1894058754597,
2018-05-11,2724.72,2725.5161887490935,
2018-05-14,2753.54,2720.323803358399,
2018-05-15,2750.83,2752.258204324219,
2018-05-16,2716.78,2743.9423716145584,
2018-05-17,2700.88,2713.6710101165663,
2018-05-18,2740.53,2697.1725394884206,
2018-05-21,2745.8,2738.4826784065453,
2018-05-22,2728.0,2742.6666291174524,
2018-05-23,2683.69,2721.5577459462233,
2018-05-24,2665.68,2680.204414106025,
2018-05-25,2661.29,2662.7797805741784,
2018-05-28,2673.2,2659.102767653883,
2018-05-29,2663.4,2670.448205687758,
2018-05-30,2605.9,2658.6286146339803,
2018-05-31,2658.29,2603.093766155798,
2018-06-01,2647.19,2657.094193011671,
2018-06-04,2694.58,2644.851069851828,
2018-06-05,2707.02,2692.9800477959607,
2018-06-06,2692.18,2702.6764106067562,
2018-06-07,2695.24,2687.8660874730595,
2018-06-08,2652.08,2695.802554641376,
2018-06-11,2660.41,2646.721296218044,
2018-06-12,2687.7,2656.874731724187,
2018-06-13,2671.63,2684.924660983375,
2018-06-14,2671.3,2667.573320783438,
2018-06-15,2667.98,2672.52674958345,
2018-06-19,2599.78,2666.761456213726,
2018-06-20,2598.33,2594.8485993938702,
2018-06-21,2579.05,2593.9447510779446,
2018-06-22,2583.71,2582.946526407304,
2018-06-25,2536.46,2579.8987676025936,
2018-06-26,2506.72,2535.0974959165633,
2018-06-27,2452.64,2498.301991892223,
2018-06-28,2425.18,2451.5632478826396,
2018-06-29,2479.91,2427.9040725702444,
2018-07-02,2386.38,2480.0790595676085,
2018-07-03,2388.98,2383.3671189769348,
2018-07-04,2368.43,2378.2213689259956,
2018-07-05,2374.36,2370.7559038989734,
2018-07-06,2402.62,2374.8702673314983,
2018-07-09,2471.29,2402.166149074751,
2018-07-10,2471.23,2473.2059506112805,
2018-07-11,2432.28,2465.011718992655,
2018-07-12,2474.62,2430.9229916797426,
2018-07-13,2476.86,2479.3424957003685,
2018-07-16,2448.76,2471.51418880108,
2018-07-17,2430.44,2447.7056980114344,
2018-07-18,2420.76,2425.260967894319,
2018-07-19,2426.16,2422.9251746164587,
2018-07-20,2493.76,2426.7305629533957,
2018-07-23,2526.81,2496.983860574945,
2018-07-24,2563.58,2528.3205633931825,
2018-07-25,2563.69,2566.7575051798894,
2018-07-26,2530.99,2558.1846663575893,
2018-07-27,2525.09,2529.6712521896648,
2018-07-30,2541.31,2522.688726508632,
2018-07-31,2545.12,2542.751800456784,
2018-08-01,2490.25,2541.1748228731453,
2018-08-02,2440.31,2490.3476839000273,
2018-08-03,2413.5,2432.7712684480225,
2018-08-06,2406.54,2413.817213040401,
2018-08-07,2479.78,2409.3147821453317,
2018-08-08,2447.0,2479.1379582194404,
2018-08-09,2504.62,2444.5299420214265,
2018-08-10,2503.21,2506.675492312148,
2018-08-13,2478.51,2499.6235197904994,
2018-08-14,2469.2,2469.5828343216167,
2018-08-15,2408.72,2464.873665435949,
2018-08-16,2405.16,2405.371768628706,
2018-08-17,2374.17,2407.7197559919023,
2018-08-20,2409.13,2371.299293489114,
2018-08-21,2452.38,2404.6059027728907,
2018-08-22,2450.15,2453.7490678551994,
2018-08-23,2461.07,2444.6151428907215,
2018-08-24,2472.0,2458.1292479277886,
2018-08-27,2522.34,2474.308198888724,
2018-08-28,2511.15,2520.864529537669,
2018-08-29,2503.48,2507.6122319668507,
2018-08-30,2479.21,2500.9878231951975,
2018-08-31,2474.48,2479.1198892932034,
2018-09-03,2465.88,2475.3820261007013,
2018-09-04,2500.44,2461.737355801315,
2018-09-05,2441.23,2498.749720811672,
2018-09-06,2416.03,2440.063903454355,
2018-09-07,2437.68,2416.8188864038816,
2018-09-10,2413.43,2439.61185710099,
2018-09-11,2398.77,2412.692367804105,
2018-09-12,2381.39,2397.071663171996,
2018-09-13,2415.31,2379.860977634005,
2018-09-14,2425.42,2408.365940818893,
2018-09-17,2399.88,2423.097740257445,
2018-09-18,2458.77,2398.479044697929,
2018-09-19,2487.08,2460.798299071268,
2018-09-20,2487.42,2490.1176941134236,
2018-09-21,2573.6,2485.6027938525535,
2018-09-25,2547.79,2573.9696158412157,
2018-09-26,2582.77,2546.1367205701845,
2018-09-27,2575.45,2587.637505234607,
2018-09-28,2606.67,2570.035849858499,
2018-10-08,2486.82,2607.2867478611647,
2018-10-09,2491.66,2484.8912139511517,
2018-10-10,2494.06,2492.3236877518007,
2018-10-11,2390.5,2493.0318433135853,
2018-10-12,2444.13,2393.2889094610973,
2018-10-15,2412.48,2445.286335122648,
2018-10-16,2415.49,2410.467657146989,
2018-10-17,2429.21,2422.0452396795426,
2018-10-18,2369.07,2420.2367219451594,
2018-10-19,2446.32,2366.9174069946666,
2018-10-22,2540.15,2448.9638993450567,
2018-10-23,2464.81,2547.611776194978,
2018-10-24,2477.49,2461.2486988340065,
2018-10-25,2485.1,2488.154408575535,
2018-10-26,2468.91,2486.2280831418634,
2018-10-29,2389.58,2465.559357293748,
2018-10-30,2415.65,2386.6945420898523,
2018-10-31,2451.12,2423.0676232656538,
2018-11-01,2460.16,2450.3293941687098,
2018-11-02,2542.77,2462.1356774464725,
2018-11-05,2511.59,2534.8299805717766,
2018-11-06,2499.68,2505.2566487438085,
2018-11-07,2482.33,2493.456411657664,
2018-11-08,2486.0,2482.8412642402404,
2018-11-09,2434.21,2482.8980861666787,
2018-11-12,2444.97,2432.0707115534087,
2018-11-13,2462.97,2442.9900690545173,
2018-11-14,2429.99,2465.222788583896,
2018-11-15,2459.14,2426.8249698256086,
2018-11-16,2461.44,2457.357570927974,
2018-11-19,2492.08,2460.839893832276,
2018-11-20,2446.79,2489.5294484139963,
2018-11-21,2451.27,2445.158407579072,
2018-11-22,2437.64,2450.663450562013,
2018-11-23,2399.2,2433.2284730957667,
2018-11-26,2401.9,2398.6178752026553,
2018-11-27,2394.29,2401.161553147533,
2018-11-28,2421.13,2392.699088916438,
2018-11-29,2401.85,2420.415518945921,
2018-11-30,2428.04,2399.7125090003383,
2018-12-03,2488.06,2426.6685561041572,
2018-12-04,2496.14,2483.0308315059783,
2018-12-05,2481.79,2491.091343061435,
2018-12-06,2434.49,2481.074956905291,
2018-12-07,2430.72,2433.041346071078,
2018-12-10,2408.61,2428.4589737202227,
2018-12-11,2415.58,2408.130869231653,
2018-12-12,2423.32,2413.7413365131024,
2018-12-13,2457.9,2418.8026946971377,
2018-12-14,2423.38,2457.8023356795507,
2018-12-17,2425.94,2421.1210218388583,
2018-12-18,2397.87,2422.6057726262075,
2018-12-19,2369.55,2397.940963448419,
2018-12-20,2334.92,2367.3399897327436,
2018-12-21,2306.15,2332.6926325493146,
2018-12-24,2309.23,2302.0450740982337,
2018-12-25,2297.33,2307.502116946787,
2018-12-26,2281.56,2293.6304427169803,
2018-12-27,2276.06,2281.145285628917,
2018-12-28,2293.1,2274.5748167552865,
2019-01-02,2262.79,2294.071200292602,
2019-01-03,2269.24,2259.7900966361735,
2019-01-04,2314.65,2270.647007152546,
2019-01-07,2314.32,2314.8371578568176,
2019-01-08,2305.17,2311.0968855850538,
2019-01-09,2332.72,2301.5133267641904,
2019-01-10,2331.85,2336.4220550530567,
2019-01-11,2354.5,2330.121146794779,
2019-01-14,2331.14,2352.1388539134246,
2019-01-15,2378.37,2329.2250339205584,
2019-01-16,2381.22,2376.904609135105,
2019-01-17,2371.35,2377.7856833923097,
2019-01-18,2417.36,2370.2978291816376,
2019-01-21,2432.49,2415.9956178204075,
2019-01-22,2401.23,2432.3573460855546,
2019-01-23,2397.05,2397.196679970857,
2019-01-24,2411.56,2397.0757751164397,
2019-01-25,2441.64,2407.11380567587,
2019-01-28,2437.03,2442.024967098879,
2019-01-29,2455.9,2436.6606896303524,
2019-01-30,2440.01,2453.208862503926,
2019-01-31,2483.47,2440.46180334734,
2019-02-01,2499.64,2482.0865901684447,
2019-02-11,2527.47,2493.2006442517613,
2019-02-12,2533.18,2526.444540506946,
2019-02-13,2580.61,2528.806978368346,
2019-02-14,2576.31,2579.4661607586127,
2019-02-15,2517.46,2573.843277219197,
2019-02-18,2582.85,2515.433028639521,
2019-02-19,2579.05,2582.1660147077123,
2019-02-20,2588.17,2580.5275183511585,
2019-02-21,2577.23,2583.1043650494134,
2019-02-22,2623.07,2579.5135975475737,
2019-02-25,2787.7,2618.952617527691,
2019-02-26,2733.9,2791.3707798084606,
2019-02-27,2750.34,2735.2752190950346,
2019-02-28,2743.97,2754.980473054177,
2019-03-01,2819.47,2742.95946170304,
2019-03-04,2832.59,2815.873852590803,
2019-03-05,2828.87,2842.2085985351205,
2019-03-06,2840.27,2823.1467064319118,
2019-03-07,2789.7,2834.35794285853,
2019-03-08,2685.59,2784.8805272983873,
2019-03-11,2708.6,2689.119456613017,
2019-03-12,2719.77,2706.7230802063746,
2019-03-13,2723.96,2721.4356826869725,
2019-03-14,2729.13,2720.9159301048867,
2019-03-15,2755.81,2730.9133635611306,
2019-03-18,2825.18,2759.5098790776433,
2019-03-19,2806.9,2822.931879274154,
2019-03-20,2812.92,2804.5287674440215,
2019-03-21,2802.96,2812.112251445468,
2019-03-22,2795.39,2800.488386128031,
2019-03-25,2718.18,2790.2331726683033,
2019-03-26,2706.15,2717.7786322111465,
2019-03-27,2741.59,2702.256006147629,
2019-03-28,2733.97,2740.5244464083935,
2019-03-29,2838.51,2729.8933235017053,
2019-04-01,2892.62,2840.8607040575625,
2019-04-02,2888.53,2893.686444242092,
2019-04-03,2920.0,2883.862996907492,
2019-04-04,2951.98,2919.044957535277,
2019-04-08,2962.27,2950.4451079627333,
2019-04-09,2967.51,2961.488228610541,
2019-04-10,2979.1,2963.102699592454,
2019-04-11,2928.43,2977.577274362531,
2019-04-12,2920.52,2927.838610029883,
2019-04-15,2924.93,2916.9561800127203,
2019-04-16,3023.03,2927.8686320501524,
2019-04-17,3017.42,3023.8300628806105,
2019-04-18,3004.92,3013.7197377071193,
2019-04-19,3042.43,2999.8258969275626,
2019-04-22,2970.49,3035.7269047334935,
2019-04-23,2978.85,2966.49142497615,
2019-04-24,2974.85,2981.7559055239294,
2019-04-25,2928.0,2966.66070663277,
2019-04-26,2892.86,2926.538003057643,
2019-04-29,2939.41,2893.461398492172,
2019-04-30,2945.24,2942.8494402763704,
2019-05-06,2805.04,2941.989978571359,
2019-05-07,2806.26,2800.2389929248193,
2019-05-08,2758.24,2803.0491633706047,
2019-05-09,2698.78,2764.536431094845,
2019-05-10,2793.76,2696.5623125341094,
2019-05-13,2741.11,2789.3420840532026,
2019-05-14,2724.73,2741.3792271012762,
2019-05-15,2783.54,2729.4735099951326,
2019-05-16,2791.41,2785.6681746545078,
2019-05-17,2735.21,2787.4609044460576,
2019-05-20,2715.43,2732.08015832448,
2019-05-21,2739.79,2714.67262536215,
2019-05-22,2725.73,2742.8890739407825,
2019-05-23,2685.93,2722.675333820717,
2019-05-24,2702.03,2683.29055004872,
2019-05-27,2722.33,2704.214290795876,
2019-05-28,2748.8,2717.801144774223,
2019-05-29,2755.81,2749.4951643575396,
2019-05-30,2742.96,2759.2847689192326,
2019-05-31,2728.95,2737.3307359342552,
2019-06-03,2743.06,2731.129129129478,
2019-06-04,2721.31,2742.1905972450672,
2019-06-05,2719.6,2717.597700893114,
2019-06-06,2706.76,2717.760432727752,
2019-06-10,2743.37,2703.0867280672915,
2019-06-11,2812.9,2742.5910551712127,
2019-06-12,2796.73,2813.4392509275913,
2019-06-13,2794.54,2792.709745722271,
2019-06-14,2785.61,2788.700968432137,
2019-06-17,2793.7,2785.941706579206,
2019-06-18,2806.45,2795.277017614944,
2019-06-19,2842.74,2801.27312675516,
2019-06-20,2942.63,2841.3339600114978,
2019-06-21,2938.77,2946.0451262537285,
2019-06-24,2949.52,2937.808455534388,
2019-06-25,2910.12,2945.889018985848,
2019-06-26,2903.49,2901.129323958977,
2019-06-27,2937.13,2901.8277462328747,
2019-06-28,2930.6,2937.6053840197023,
2019-07-01,3002.94,2925.0074061404666,
2019-07-02,2999.08,3001.426348237322,
2019-07-03,2964.73,2994.445039977332,
2019-07-04,2953.27,2959.8517962804995,
2019-07-05,2961.92,2949.8461536221243,
2019-07-08,2897.51,2957.6623480023877,
2019-07-09,2881.55,2891.771637081958,
2019-07-10,2878.78,2878.7495523522425,
2019-07-11,2887.83,2874.6209144289,
2019-07-12,2902.13,2888.4203457362546,
2019-07-15,2902.61,2901.3848197483444,
2019-07-16,2884.56,2898.0396077272762,
2019-07-17,2875.03,2882.158043188561,
2019-07-18,2859.16,2873.8456868707444,
2019-07-19,2895.63,2856.7212828401707,
2019-07-22,2881.9,2895.827728076567,
2019-07-23,2881.1,2879.091913113102,
2019-07-24,2906.55,2877.0879997972847,
2019-07-25,2931.18,2907.7376419035077,
2019-07-26,2939.35,2927.3190411610253,
2019-07-29,2930.49,2937.741394567813,
2019-07-30,2944.02,2926.287865326242,
2019-07-31,2912.66,2944.143007853847,
2019-08-01,2887.87,2908.9065139479953,
2019-08-02,2843.77,2885.6372039134076,
2019-08-05,2786.72,2842.1992737029664,
2019-08-06,2760.68,2785.759787609719,
2019-08-07,2747.25,2758.6161794122686,
2019-08-08,2786.87,2745.67152454702,
2019-08-09,2772.15,2785.071718388822,
2019-08-12,2824.8,2769.4968397362763,
2019-08-13,2792.91,2822.605548156867,
2019-08-14,2804.36,2790.2946862447234,
2019-08-15,2814.39,2802.7924820215635,
2019-08-16,2824.23,2813.6496229156046,
2019-08-19,2877.23,2824.7809459882474,
2019-08-20,2875.65,2873.2266113595583,
2019-08-21,2869.22,2873.944026520815,
2019-08-22,2878.0,2866.8042082064053,
2019-08-23,2917.38,2872.594565446531,
2019-08-26,2863.48,2916.450290187504,
2019-08-27,2887.24,2862.0707670392712,
2019-08-28,2867.03,2890.836609607515,
2019-08-29,2855.45,2864.177917731779,
2019-08-30,2872.4,2851.3585042453296,
2019-09-02,2894.96,2868.508799206753,
2019-09-03,2892.18,2893.866936085419,
2019-09-04,2919.68,2887.5360837246144,
2019-09-05,2955.84,2917.7015454720545,
2019-09-06,2981.07,2961.49820953413,
2019-09-09,2981.59,2974.8201174042,
2019-09-10,2969.8,2978.5902940475385,
2019-09-11,2957.14,2965.0530903638737,
2019-09-12,2999.56,2952.8842451431005,
2019-09-16,2982.45,2996.6671908539734,
2019-09-17,2937.01,2978.1408993517043,
2019-09-18,2954.36,2933.140990793442,
2019-09-19,2956.83,2954.408925074912,
2019-09-20,2963.43,2950.904027093168,
2019-09-23,2930.91,2960.401883891738,
2019-09-24,2940.08,2925.538322353255,
2019-09-25,2928.84,2939.4422669061105,
2019-09-26,2927.88,2927.3611026338667,
2019-09-27,2929.47,2927.8562406507663,
2019-09-30,2897.7,2924.988957618407,
2019-10-08,2922.35,2898.9123361084107,
2019-10-09,2922.98,2924.0811291338537,
2019-10-10,2940.8,2920.4337640790127,
2019-10-11,2983.12,2938.0077751954886,
2019-10-14,3013.53,2981.5430157763526,
2019-10-15,3015.42,3015.5964003203603,
2019-10-16,3004.72,3010.7912604789935,
2019-10-17,3011.75,3007.539505657535,
2019-10-18,2963.18,3008.0158093687883,
2019-10-21,2968.91,2962.6783275559756,
2019-10-22,2973.22,2965.804432556548,
2019-10-23,2954.31,2967.300770358562,
2019-10-24,2959.03,2951.768652987208,
2019-10-25,2967.05,2956.6874490057467,
2019-10-28,2981.36,2961.498247004278,
2019-10-29,2968.28,2978.665989273394,
2019-10-30,2952.12,2965.8646901961433,
2019-10-31,2954.73,2949.5602839671296,
2019-11-01,3002.65,2951.339566018713,
2019-11-04,3022.27,3001.096815338395,
2019-11-05,3039.98,3019.9521250302087,
2019-11-06,3032.79,3041.867756977829,
2019-11-07,3033.3,3029.3502501094713,
2019-11-08,3012.46,3030.6053110075595,
2019-11-11,2965.71,3010.703448463248,
2019-11-12,2971.36,2962.99793541113,
2019-11-13,2967.67,2966.8571991056833,
2019-11-14,2968.57,2964.6167907124036,
2019-11-15,2954.7,2966.3236294271173,
2019-11-18,2980.95,2952.8526783745956,
2019-11-19,3000.75,2979.2428081128123,
2019-11-20,2968.12,2998.73836254371,
2019-11-21,2949.34,2965.84335178806,
2019-11-22,2922.27,2945.117564428359,
2019-11-25,2951.25,2922.066025882499,
2019-11-26,2946.57,2949.4781821644183,
2019-11-27,2944.32,2944.1960628186152,
2019-11-28,2930.48,2940.730962861005,
2019-11-29,2894.72,2928.0977764330987,
2019-12-02,2899.44,2891.071595204547,
2019-12-03,2909.62,2899.703863394323,
2019-12-04,2901.07,2905.015780610087,
2019-12-05,2921.95,2896.4931754967856,
2019-12-06,2939.82,2919.7455150824985,
2019-12-09,2933.04,2936.2382977285524,
2019-12-10,2936.99,2928.9649716931394,
2019-12-11,2949.65,2934.304248573083,
2019-12-12,2938.04,2945.444324109834,
2019-12-13,3006.31,2934.7103621859724,
2019-12-16,2999.2,3004.5778188433324,
2019-12-17,3033.14,2993.3207328169415,
2019-12-18,3025.78,3034.5014716275564,
2019-12-19,3017.71,3024.1188735146447,
2019-12-20,3012.63,3013.940874146758,
2019-12-23,2984.24,3011.8246354548232,
2019-12-24,2996.76,2984.6712573976047,
2019-12-25,2986.0,2994.2886361042215,
2019-12-26,3011.64,2981.700064061817,
2019-12-27,3017.78,3009.4841547331266,
2019-12-30,3062.75,3021.7559252946544,
2019-12-31,3063.22,3060.7223432720043,
2020-01-02,3090.83,3058.8823018900603,
2020-01-03,3078.28,3092.66066357821,
2020-01-06,3056.84,3074.921348536454,
2020-01-07,3074.02,3058.296545597552,
2020-01-08,3037.85,3072.9244227803815,
2020-01-09,3067.55,3034.6362241726733,
2020-01-10,3067.88,3065.328198139054,
2020-01-13,3090.13,3064.405464164723,
2020-01-14,3080.6,3085.646900837227,
2020-01-15,3058.01,3080.2780047609454,
2020-01-16,3043.09,3056.934643188872,
2020-01-17,3053.17,3040.453235670024,
2020-01-20,3065.99,3051.921230462276,
2020-01-21,3012.11,3061.8025266277605,
2020-01-22,3017.88,3010.7396853366395,
2020-01-23,2932.49,3012.430153398973,
2020-02-03,2727.09,2927.735751039286,
2020-02-04,2794.66,2735.148251796671,
2020-02-05,2812.9,2796.5812905275457,
2020-02-06,2854.89,2812.423407802079,
2020-02-07,2851.71,2852.807674936202,
2020-02-10,2850.06,2846.9166738466283,
2020-02-11,2879.86,2848.231741389964,
2020-02-12,2895.59,2880.5460511791775,
2020-02-13,2875.48,2892.90180730977,
2020-02-14,2895.06,2874.7998793190122,
2020-02-17,2950.07,2894.8342550320417,
2020-02-18,2924.4,2948.98524383944,
2020-02-19,2923.76,2921.456898338444,
2020-02-20,2978.18,2925.523106636497,
2020-02-21,2968.14,2976.408963263779,
2020-02-24,2930.03,2970.0444468135643,
2020-02-25,2909.32,2927.5239899042704,
2020-02-26,2901.67,2904.6965937357672,
2020-02-27,2912.04,2906.544317803107,
2020-02-28,2821.04,2913.4004462006433,
2020-03-02,2907.89,2824.3911714285655,
2020-03-03,2921.44,2912.748436989815,
2020-03-04,2947.57,2918.452735873513,
2020-03-05,3018.07,2946.1755876411294,
2020-03-06,2964.83,3016.477504138403,
2020-03-09,2868.83,2964.01458314559,
2020-03-10,2924.22,2866.871390795004,
2020-03-11,2888.36,2926.7876825648837,
2020-03-12,2841.98,2886.457968345098,
2020-03-13,2798.77,2839.6495528824826,
2020-03-16,2694.02,2807.283703857378,
2020-03-17,2685.59,2692.7463976899235,
2020-03-18,2625.75,2683.213979295164,
2020-03-19,2569.79,2631.927463435936,
2020-03-20,2628.42,2563.7993196071616,
2020-03-23,2559.62,2626.9575990737235,
2020-03-24,2639.38,2565.5435158201662,
2020-03-25,2700.19,2636.4583603902493,
2020-03-26,2689.28,2696.35343851004,
2020-03-27,2701.44,2693.2973945459235,
2020-03-30,2690.04,2701.6143009240836,
2020-03-31,2689.38,2690.3839730316663,
2020-04-01,2682.08,2687.0504222767354,
2020-04-02,2719.89,2688.416267367177,
2020-04-03,2708.82,2719.1033113993,
2020-04-07,2757.41,2707.619617572487,
2020-04-08,2743.89,2753.796621583835,
2020-04-09,2752.59,2742.749874087417,
2020-04-10,2749.85,2751.1931449490226,
2020-04-13,2739.17,2753.377235951005,
2020-04-14,2785.72,2737.7448380160326,
2020-04-15,2764.49,2782.2493899075157,
2020-04-16,2768.26,2762.6628251218717,
2020-04-17,2809.08,2767.198070779516,
2020-04-20,2819.79,2809.5276875768423,
2020-04-21,2784.53,2815.383439352853,
2020-04-22,2804.24,2778.767634695451,
2020-04-23,2797.66,2801.757007207188,
2020-04-24,2776.02,2796.2980549435915,
2020-04-27,2805.22,2772.900429085392,
2020-04-28,2825.14,2805.8773245979182,
2020-04-29,2844.81,2817.987118419881,
2020-04-30,2861.91,2844.7420907263045,
2020-05-06,2863.85,2864.7176468972443,
2020-05-07,2854.42,2863.4813265286184,
2020-05-08,2873.01,2851.164204540577,
2020-05-11,2871.85,2872.301513091468,
2020-05-12,2869.6,2873.155448916096,
2020-05-13,2867.71,2866.6592635153997,
2020-05-14,2834.53,2863.1799542901217,
2020-05-15,2819.69,2832.6020031491435,
2020-05-18,2837.17,2818.296089403504,
2020-05-19,2860.67,2836.9760670672995,
2020-05-20,2856.14,2858.095085923613,
2020-05-21,2846.82,2852.853248789884,
2020-05-22,2775.81,2844.300311341075,
2020-05-25,2789.71,2773.8235508783355,
2020-05-26,2808.84,2783.953275283125,
2020-05-27,2795.48,2805.9065932166727,
2020-05-28,2809.66,2793.542237809012,
2020-05-29,2806.66,2810.229417104308,
2020-06-01,2870.36,2806.3630094728705,
2020-06-02,2885.92,2869.7051694559436,
2020-06-03,2889.11,2884.795746539274,
2020-06-04,2883.36,2891.40654485117,
2020-06-05,2896.35,2879.9563420643017,
2020-06-08,2909.59,2891.649863173546,
2020-06-09,2928.3,2910.3243581201214,
2020-06-10,2908.48,2925.970175203211,
2020-06-11,2876.51,2905.562849708451,
2020-06-12,2884.12,2874.61687566144,
2020-06-15,2838.61,2883.577728760166,
2020-06-16,2878.99,2839.951515990724,
2020-06-17,2881.13,2876.26911505707,
2020-06-18,2888.96,2876.2017132406872,
2020-06-19,2925.94,2885.817947017155,
2020-06-22,2921.89,2926.0186343289884,
2020-06-23,2925.42,2923.782929445109,
2020-06-24,2943.47,2922.4547254233526,
2020-06-29,2925.48,2942.285928065514,
2020-06-30,2942.07,2921.8324007868696,
2020-07-01,3009.86,2941.4734698925213,
2020-07-02,3084.24,3007.536073396313,
2020-07-03,3159.16,3084.7586629044354,
2020-07-06,3374.14,3158.148285501415,
2020-07-07,3381.76,3377.4139580349943,
2020-07-08,3429.94,3383.4646104115322,
2020-07-09,3442.02,3434.830134518994,
2020-07-10,3351.78,3437.4465585455355,
2020-07-13,3390.12,3348.7956510365307,
2020-07-14,3348.03,3394.7175235433865,
2020-07-15,3313.76,3342.8445144270972,
2020-07-16,3162.03,3312.0716003581265,
2020-07-17,3185.89,3162.6670605098693,
2020-07-20,3287.92,3187.2727543583374,
2020-07-21,3286.81,3282.722834527834,
2020-07-22,3291.36,3281.6677316019977,
2020-07-23,3284.11,3301.8693174027935,
2020-07-24,3158.29,3278.912500032119,
2020-07-27,3163.23,3152.7127778928766,
2020-07-28,3185.89,3159.8261161796645,
2020-07-29,3243.39,3184.3413729344197,
2020-07-30,3231.52,3240.268686277583,
2020-07-31,3249.34,3231.0188961192175,
2020-08-03,3281.1,3250.911767920394,
2020-08-04,3312.13,3276.57455274946,
2020-08-05,3292.31,3312.120864844973,
2020-08-06,3292.2,3283.8880986240233,
2020-08-07,3263.75,3284.073853047349,
2020-08-10,3285.76,3255.3987038242035,
2020-08-11,3262.82,3287.018822114133,
2020-08-12,3249.74,3269.530755729943,
2020-08-13,3241.84,3240.2479353557387,
2020-08-14,3288.51,3238.449765763825,
2020-08-17,3368.85,3287.7264608332016,
2020-08-18,3367.33,3375.8231855658137,
2020-08-19,3307.66,3363.756305308496,
2020-08-20,3264.53,3306.151051175045,
2020-08-21,3284.73,3260.6325646958658,
2020-08-24,3298.72,3280.77740461112,
2020-08-25,3310.84,3298.473589901591,
2020-08-26,3277.89,3311.8428604343767,
2020-08-27,3290.79,3278.1514834543577,
2020-08-28,3368.44,3283.0756413826794,
2020-08-31,3343.89,3367.6183438032394,
2020-09-01,3355.1,3346.1547714158196,
2020-09-02,3347.3,3353.131432827371,
2020-09-03,3334.41,3339.451719668735,
2020-09-04,3309.21,3335.678945735591,
2020-09-07,3253.43,3307.5075502959107,
2020-09-08,3289.91,3254.761574459421,
2020-09-09,3235.7,3287.083022379175,
2020-09-10,3245.5,3233.577808644384,
2020-09-11,3265.5,3244.698311934227,
2020-09-14,3294.15,3264.358198809331,
2020-09-15,3317.64,3292.0491880425393,
2020-09-16,3295.58,3314.205178045198,
2020-09-17,3264.69,3292.9230902729096,
2020-09-18,3347.78,3260.8269279777883,
2020-09-21,3311.59,3348.3869083605487,
2020-09-22,3270.52,3309.3195209573187,
2020-09-23,3275.74,3274.223027411249,
2020-09-24,3218.72,3273.196602413424,
2020-09-25,3229.78,3217.235183866785,
2020-09-28,3250.5,3228.7251172500974,
2020-09-29,3241.32,3253.2608682712134,
2020-09-30,3232.42,3239.4595599475942,
2020-10-09,3286.86,3231.2235199057104,
2020-10-12,3387.88,3285.679308974764,
2020-10-13,3386.89,3388.6656845807597,
2020-10-14,3369.5,3382.2870111553143,
2020-10-15,3371.4,3365.1470355543206,
2020-10-16,3380.17,3372.908728613961,
2020-10-19,3354.31,3380.468221955974,
2020-10-20,3363.5,3357.876300392351,
2020-10-21,3377.42,3360.0114395379683,
2020-10-22,3369.53,3371.946243220242,
2020-10-23,3346.61,3361.1747360428826,
2020-10-26,3304.7,3351.2577479247684,
2020-10-27,3294.09,3301.5357554057164,
2020-10-28,3313.23,3291.457758187573,
2020-10-29,3324.44,3312.4632351840864,
2020-10-30,3280.38,3329.7065394433334,
2020-11-02,3265.9,3278.7767566154093,
2020-11-03,3307.48,3264.881689255519,
2020-11-04,3332.19,3310.047205072276,
2020-11-05,3369.5,3330.8374705247797,
2020-11-06,3359.12,3367.20013180776,
2020-11-09,3418.28,3353.073560722224,
2020-11-10,3416.14,3419.737532090079,
2020-11-11,3411.23,3411.4954323522416,
2020-11-12,3397.35,3412.4010394980646,
2020-11-13,3338.31,3394.919767234212,
2020-11-16,3377.11,3332.3145581802205,
2020-11-17,3379.27,3374.63811293788,
2020-11-18,3387.04,3376.946576483353,
2020-11-19,3410.09,3389.4306999225078,
2020-11-20,3411.93,3409.6599648504093,
2020-11-23,3469.8,3409.2176608449313,
2020-11-24,3442.72,3472.5768153729723,
2020-11-25,3420.29,3441.6382156879645,
2020-11-26,3445.74,3420.9412723139408,
2020-11-27,3498.66,3444.3411125928974,
2020-11-30,3469.42,3497.2278847633534,
2020-12-01,3554.01,3480.3621657505373,
2020-12-02,3545.34,3555.0463204469934,
2020-12-03,3536.81,3542.8279325310937,
2020-12-04,3541.52,3532.9229350006144,
2020-12-07,3509.94,3535.2092192422115,
2020-12-08,3499.06,3505.3916593076947,
2020-12-09,3468.53,3499.436370947732,
2020-12-10,3459.03,3467.7594751777015,
2020-12-11,3427.86,3457.4514749226087,
2020-12-14,3467.77,3422.1966236271037,
2020-12-15,3468.83,3466.6165234214473,
2020-12-16,3485.4,3464.8057509075293,
2020-12-17,3539.54,3483.78970651478,
2020-12-18,3507.97,3538.9061310009415,
2020-12-21,3522.26,3505.188677230935,
2020-12-22,3470.9,3518.331245188596,
2020-12-23,3494.59,3469.63546016492,
2020-12-24,3489.27,3496.1413618299375,
2020-12-25,3512.49,3489.956957280163,
2020-12-28,3523.84,3510.90201747815,
2020-12-29,3517.35,3525.6115598196034,
2020-12-30,3574.13,3516.295401747502,
2020-12-31,3640.64,3573.9582031636182,
2021-01-04,3643.36,3642.516259473896,
2021-01-05,3683.36,3641.088501289145,
2021-01-06,3736.65,3682.3949387856255,
2021-01-07,3808.07,3733.0204336344445,
2021-01-08,3788.32,3804.053905923533,
2021-01-11,3776.53,3783.272934534043,
2021-01-12,3906.12,3784.545410013962,
2021-01-13,3873.23,3908.7121969615864,
2021-01-14,3811.22,3869.462872096481,
2021-01-15,3817.93,3808.1270425005714,
2021-01-18,3849.4,3819.850283294315,
2021-01-19,3808.69,3852.267495684952,
2021-01-20,3814.65,3804.9798213417744,
2021-01-21,3850.06,3813.826807953116,
2021-01-22,3846.39,3850.322703870466,
2021-01-25,3898.15,3842.8843347008483,
2021-01-26,3813.29,3896.350124511272,
2021-01-27,3818.27,3810.3968273463,
2021-01-28,3735.03,3814.2313982446913,
2021-01-29,3713.25,3732.0405267752467,
2021-02-01,3746.37,3705.477515030402,
2021-02-02,3771.47,3743.547781306367,
2021-02-03,3775.72,3767.2875690675382,
2021-02-04,3801.62,3775.240229496653,
2021-02-05,3840.77,3804.875568965277,
2021-02-08,3890.47,3846.270881941734,
2021-02-09,3952.83,3887.138782712687,
2021-02-10,4028.53,3946.964729801328,
2021-02-18,4014.32,4031.571122822708,
2021-02-19,4014.46,4011.9069556933146,
2021-02-22,3881.87,4007.9700471022315,
2021-02-23,3897.72,3879.1189313816417,
2021-02-24,3805.47,3907.6783242206734,
2021-02-25,3851.03,3796.7387978345787,
2021-02-26,3756.86,3850.8690630805254,
2021-03-01,3787.87,3765.5833954422346,
2021-03-02,3718.77,3778.8699031361157,
2021-03-03,3817.41,3712.24165001485,
2021-03-04,3708.66,3818.7325723069125,
2021-03-05,3688.68,3705.918775936448,
2021-03-08,3573.43,3689.457861495057,
2021-03-09,3509.61,3576.6335525746285,
2021-03-10,3532.05,3509.3366858791032,
2021-03-11,3625.31,3531.84904835531,
2021-03-12,3632.58,3628.323471168059,
2021-03-15,3566.88,3626.3159833371164,
2021-03-16,3599.16,3562.9038392441375,
2021-03-17,3590.83,3596.4134241861852,
2021-03-18,3605.6,3588.774835949025,
2021-03-19,3512.02,3605.5802888683465,
2021-03-22,3538.43,3509.740581574741,
2021-03-23,3516.36,3541.2763844899864,
2021-03-24,3466.04,3509.0465278017173,
2021-03-25,3463.87,3468.060497439557,
2021-03-26,3529.73,3463.299198797102,
2021-03-29,3537.71,3531.702515178256,
2021-03-30,3577.24,3536.6604635944927,
2021-03-31,3539.37,3577.1189484071524,
2021-04-01,3582.65,3534.7134694779074,
2021-04-02,3616.76,3582.1889188403784,
2021-04-06,3594.71,3614.209212880814,
2021-04-07,3558.47,3591.5020337860183,
2021-04-08,3573.04,3553.187389743946,
2021-04-09,3514.11,3572.1600301950284,
2021-04-12,3477.07,3511.0346911377087,
2021-04-13,3461.46,3476.3435850170536,
2021-04-14,3469.17,3462.123461587415,
2021-04-15,3431.49,3465.2792124812927,
2021-04-16,3448.1,3423.781149425041,
2021-04-19,3513.4,3441.8292786007073,
2021-04-20,3510.12,3509.2349045348133,
2021-04-21,3516.1,3513.5364615154035,
2021-04-22,3487.43,3516.216467171075,
2021-04-23,3524.02,3485.275849312362,
2021-04-26,3467.66,3524.2229576979516,
2021-04-27,3476.3,3467.9770730897344,
2021-04-28,3473.04,3472.1537061083527,
2021-04-29,3517.21,3468.2182444603764,
2021-04-30,3491.19,3514.1760035309385,
2021-05-06,3449.94,3487.771432575559,
2021-05-07,3406.31,3455.081425398035,
2021-05-10,3399.98,3407.1707370303625,
2021-05-11,3437.71,3393.8816773682656,
2021-05-12,3447.86,3435.9589935697163,
2021-05-13,3413.89,3448.414243985358,
2021-05-14,3503.04,3412.838236397887,
2021-05-17,3539.91,3499.529844397879,
2021-05-18,3537.7,3543.3783581236476,
2021-05-19,3511.47,3535.6389966752367,
2021-05-20,3522.45,3508.9047020262115,
2021-05-21,3481.86,3519.4130630811223,
2021-05-24,3497.75,3482.275302681447,
2021-05-25,3641.29,3491.66473388359,
2021-05-26,3657.19,3642.7269678130606,
2021-05-27,3664.94,3659.6834720844295,
2021-05-28,3659.3,3671.1699313891436,
2021-05-31,3650.22,3658.5359791645087,
2021-06-01,3650.9,3642.850997060793,
2021-06-02,3622.4,3644.126178220459,
2021-06-03,3591.16,3619.269349605328,
2021-06-04,3612.7,3592.9061694984584,
2021-06-07,3601.11,3620.317052299675,
2021-06-08,3580.28,3596.5221730362364,
2021-06-09,3587.53,3582.805613775576,
2021-06-10,3607.68,3588.329014082858,
2021-06-11,3576.78,3611.3283658979976,
2021-06-15,3528.67,3574.2514013342275,
2021-06-16,3486.29,3526.7534699356565,
2021-06-17,3481.6,3485.396924489551,
2021-06-18,3454.59,3482.556660062499,
2021-06-21,3431.25,3450.816449987241,
2021-06-22,3464.71,3429.1599948066805,
2021-06-23,3471.34,3463.780364360887,
2021-06-24,3483.91,3474.160616999417,
2021-06-25,3535.02,3479.7566214166554,
2021-06-28,3520.74,3536.7634901790757,
2021-06-29,3482.73,3517.85234422027,
2021-06-30,3498.65,3481.447815232005,
2021-07-01,3535.25,3498.760397959252,
2021-07-02,3408.24,3528.8726969084923,
2021-07-05,3404.79,3406.4850283090586,
2021-07-06,3405.28,3400.4586057464894,
2021-07-07,3424.39,3397.1159143121317,
2021-07-08,3373.26,3424.8098415938603,
2021-07-09,3361.59,3371.580325401541,
2021-07-12,3384.51,3357.1579703824027,
2021-07-13,3391.74,3384.2126705379137,
2021-07-14,3339.38,3393.118244376628,
2021-07-15,3411.29,3336.7940238389256,
2021-07-16,3369.9,3411.3778814549078,
2021-07-19,3385.37,3370.157624460102,
2021-07-20,3378.63,3378.2733971391713,
2021-07-21,3388.52,3377.2384199248468,
2021-07-22,3392.72,3390.3520347037365,
2021-07-23,3357.45,3393.9498109961987,
2021-07-26,3228.37,3355.875543165345,
2021-07-27,3126.38,3221.548348959338,
2021-07-28,3154.64,3125.171916451556,
2021-07-29,3182.8,3154.472867347716,
2021-07-30,3132.82,3178.204121542613,
2021-08-02,3211.14,3128.1817104059282,
2021-08-03,3223.83,3206.7303790589726,
2021-08-04,3233.1,3222.7579008699117,
2021-08-05,3227.36,3232.9982254672427,
2021-08-06,3195.7,3231.4738321939726,
2021-08-09,3235.21,3192.0847326740077,
2021-08-10,3288.65,3237.8953537619145,
2021-08-11,3262.58,3281.3502451167237,
2021-08-12,3226.11,3265.010278979096,
2021-08-13,3217.84,3227.498015089543,
2021-08-16,3222.62,3219.087161479137,
2021-08-17,3149.88,3225.03419297404,
2021-08-18,3190.55,3151.1726904509924,
2021-08-19,3144.37,3189.8683396863785,
2021-08-20,3072.75,3141.8373910749697,
2021-08-23,3099.89,3068.536736305274,
2021-08-24,3147.77,3099.003657229188,
2021-08-25,3159.8,3149.730904679755,
2021-08-26,3088.83,3157.7833390471305,
2021-08-27,3123.05,3087.8015194100044,
2021-08-30,3112.7,3126.727965381116,
2021-08-31,3097.06,3108.305433051679,
2021-09-01,3165.04,3093.2889994306206,
2021-09-02,3167.1,3165.23669536645,
2021-09-03,3175.88,3167.889473696478,
2021-09-06,3211.2,3174.375360026989,
2021-09-07,3248.05,3212.7599771902965,
2021-09-08,3213.26,3246.72378041722,
2021-09-09,3204.28,3213.29023192781,
2021-09-10,3252.32,3201.857945325989,
2021-09-13,3242.04,3255.0523684730697,
2021-09-14,3188.26,3242.343719101621,
2021-09-15,3146.63,3189.1401524083753,
2021-09-16,3128.59,3142.4194107975864,
2021-09-17,3161.92,3126.848057284284,
2021-09-22,3122.34,3159.689076999663,
2021-09-23,3127.82,3122.063145326282,
2021-09-24,3145.11,3129.6710741963957,
2021-09-27,3199.97,3150.061282448842,
2021-09-28,3211.15,3203.5328124411276,
2021-09-29,3199.23,3209.0146712900782,
2021-09-30,3196.99,3198.324717828757,
2021-10-08,3256.26,3196.9813827785842,
2021-10-11,3276.41,3254.8326375769793,
2021-10-12,3259.38,3284.023891772614,
2021-10-13,3292.76,3256.251696375993,
2021-10-14,3270.69,3292.4412128441204,
2021-10-15,3294.83,3270.7969085315203,
2021-10-18,3229.63,3293.9461081195013,
2021-10-19,3256.67,3225.3622585318876,
2021-10-20,3255.0,3257.2895127118263,
2021-10-21,3278.54,3255.0870131962088,
2021-10-22,3318.13,3280.2864712111195,
2021-10-25,3312.3,3320.396186310179,
2021-10-26,3290.04,3310.377596991313,
2021-10-27,3247.1,3291.1348317710695,
2021-10-28,3239.61,3243.702274363828,
2021-10-29,3267.25,3237.642817522034,
2021-11-01,3250.92,3265.9173043449123,
2021-11-02,3212.03,3249.279464786011,
2021-11-03,3181.45,3210.923843402903,
2021-11-04,3207.26,3181.290714355096,
2021-11-05,3201.55,3206.8727837361434,
2021-11-08,3196.27,3204.768273855516,
2021-11-09,3186.96,3196.5616106508446,
2021-11-10,3170.4,3184.9922229486165,
2021-11-11,3233.37,3161.810100991413,
2021-11-12,3220.55,3232.357706133378,
2021-11-15,3221.69,3218.974964167177,
2021-11-16,3222.17,3221.3529462021297,
2021-11-17,3208.78,3223.602844591783,
2021-11-18,3173.38,3208.403529249711,
2021-11-19,3212.91,3170.675367101303,
2021-11-22,3212.15,3212.719673463481,
2021-11-23,3224.15,3213.0448769576064,
2021-11-24,3231.84,3226.0711312494877,
2021-11-25,3218.05,3231.9941527439073,
2021-11-26,3187.36,3216.76717499792,
2021-11-29,3187.05,3185.290979427503,
2021-11-30,3165.35,3185.0685262705815,
2021-12-01,3180.42,3163.9522734696443,
2021-12-02,3190.87,3179.6684955371447,
2021-12-03,3221.42,3189.3839837825676,
2021-12-06,3228.14,3220.771382797443,
2021-12-07,3254.5,3230.9338848341304,
2021-12-08,3304.71,3251.918387448099,
2021-12-09,3360.18,3301.733257859952,
2021-12-10,3353.63,3365.756191377929,
2021-12-13,3366.07,3351.801556490049,
2021-12-14,3350.5,3371.9652270301885,
2021-12-15,3318.98,3349.954438982673,
2021-12-16,3330.86,3321.0845695784687,
2021-12-17,3278.9,3328.036255064865,
2021-12-20,3255.35,3279.011504649747,
2021-12-21,3273.03,3258.1449038946944,
2021-12-22,3260.57,3272.3747559340322,
2021-12-23,3287.19,3260.048343509931,
2021-12-24,3290.24,3282.5878518481154,
2021-12-27,3278.44,3289.5669307390162,
2021-12-28,3303.4,3275.733326399827,
2021-12-29,3240.85,3302.836715815851,
2021-12-30,3261.79,3239.6783217707393,
2021-12-31,3274.32,3262.7510011335744,
2022-01-04,3264.07,3273.5292235598567,
2022-01-05,3254.28,3256.851129951551,
2022-01-06,3210.39,3257.2441743734144,
2022-01-07,3223.27,3208.2344270197273,
2022-01-10,3236.12,3225.667467267472,
2022-01-11,3214.53,3232.0752263192135,
2022-01-12,3236.31,3216.400228782652,
2022-01-13,3184.11,3235.5317017366397,
2022-01-14,3139.05,3184.0650072401518,
2022-01-17,3147.7,3137.701533514782,
2022-01-18,3187.52,3147.8812329350526,
2022-01-19,3187.19,3187.0773941731045,
2022-01-20,3233.7,3185.3070405849085,
2022-01-21,3218.74,3236.7018105687557,
2022-01-24,3209.74,3216.721474414589,
2022-01-25,3144.95,3207.3561988020665,
2022-01-26,3163.67,3145.11582972385,
2022-01-27,3119.24,3158.347246449154,
2022-01-28,3054.02,3117.923768765855,
2022-02-07,3114.26,3054.1660979894873,
2022-02-08,3116.5,3115.3357543587,
2022-02-09,3139.56,3107.636974015321,
2022-02-10,3145.11,3139.3402238673475,
2022-02-11,3142.91,3141.284930349183,
2022-02-14,3104.0,3147.361726117494,
2022-02-15,3119.93,3101.3954054418564,
2022-02-16,3136.08,3119.580875702689,
2022-02-17,3139.18,3137.025020113571,
2022-02-18,3162.82,3140.5494280082503,
2022-02-21,3144.87,3161.421830111475,
2022-02-22,3102.32,3141.172545559124,
2022-02-23,3118.04,3097.711707809205,
2022-02-24,3059.64,3114.9180309072453,
2022-02-25,3075.59,3056.057802161266,
2022-02-28,3080.78,3078.7449779226486,
2022-03-01,3125.69,3076.7343722992914,
2022-03-02,3107.24,3125.7715793317075,
2022-03-03,3097.09,3105.805137031786,
2022-03-04,3062.38,3096.668519089403,
2022-03-07,2974.68,3061.853680012855,
2022-03-08,2933.16,2972.4013318581747,
2022-03-09,2907.18,2934.4305959240783,
2022-03-10,2933.46,2892.6078334894687,
2022-03-11,2935.68,2933.4388139245557,
2022-03-14,2851.88,2929.1153707549697,
2022-03-15,2702.85,2857.060282661305,
2022-03-16,2827.75,2705.708650804157,
2022-03-17,2877.22,2819.266206116285,
2022-03-18,2913.19,2880.1001869414295,
2022-03-21,2892.11,2913.0030244167588,
2022-03-22,2900.77,2888.114723030304,
2022-03-23,2916.51,2902.863202121857,
2022-03-24,2903.62,2915.1723660542452,
2022-03-25,2856.43,2903.6528839607045,
2022-03-28,2853.18,2858.170284193365,
2022-03-29,2842.15,2851.838640765689,
2022-03-30,2915.49,2844.3180173331475,
2022-03-31,2898.83,2915.003849006502,
2022-04-01,2943.24,2899.8446019156045,
2022-04-06,2931.2,2943.9234465548093,
2022-04-07,2902.48,2931.1413247164596,
2022-04-08,2925.49,2905.715664898629,
2022-04-11,2846.38,2923.4247919099253,
2022-04-12,2894.26,2845.2693447722054,
2022-04-13,2882.28,2889.7839629107284,
2022-04-14,2928.6,2885.577323994532,
2022-04-15,2930.58,2930.2676892928403,
2022-04-18,2887.72,2932.09160628182,
2022-04-19,2861.57,2885.1284826099927,
2022-04-20,2835.35,2861.236630283639,
2022-04-21,2797.53,2835.108651420088,
2022-04-22,2814.13,2799.808297599384,
2022-04-25,2683.41,2815.2760366823086,
2022-04-26,2681.03,2687.3298007849053,
2022-04-27,2734.54,2686.0706980871564,
2022-04-28,2769.71,2734.958143911603,
2022-04-29,2805.34,2770.3238753681153,
2022-05-05,2800.93,2803.791237261231,
2022-05-06,2719.76,2804.1926138464396,
2022-05-09,2695.13,2720.0007312193184,
2022-05-10,2718.37,2693.523672325167,
2022-05-11,2741.23,2719.1915975039888,
2022-05-12,2721.77,2746.159001093429,
2022-05-13,2748.24,2722.8493284744122,
2022-05-16,2720.41,2748.2840403249625,
2022-05-17,2756.74,2719.567784209717,
2022-05-18,2745.53,2755.3679790945926,
2022-05-19,2744.55,2741.530540662792,
2022-05-20,2807.94,2744.3859321325167,
2022-05-23,2782.55,2808.097856834036,
2022-05-24,2734.19,2780.7621404238926,
2022-05-25,2743.42,2734.8515364668656,
2022-05-26,2744.9,2742.005224831022,
2022-05-27,2763.07,2741.900761434583,
2022-05-30,2778.45,2765.488989455257,
2022-05-31,2813.22,2778.328274180179,
2022-06-01,2798.07,2812.1774165803877,
2022-06-02,2790.32,2795.7923314122245,
2022-06-06,2825.65,2788.8307489208373,
2022-06-07,2846.81,2820.9202997370403,
2022-06-08,2879.31,2848.186906945341,
2022-06-09,2868.42,2879.4715100082753,
2022-06-10,2899.58,2869.912136559851,
2022-06-13,2844.72,2898.9084536338437,
2022-06-14,2882.7,2842.4529817828393,
2022-06-15,2923.99,2881.863089755361,
2022-06-16,2891.34,2932.823985583123,
2022-06-17,2936.2,2892.686826173118,
2022-06-20,2924.92,2937.3483092046376,
2022-06-21,2926.48,2924.0731319605025,
2022-06-22,2892.29,2925.847423666917,
2022-06-23,2935.88,2891.965964826654,
2022-06-24,2974.75,2935.560938822992,
2022-06-27,3013.95,2975.915936155329,
2022-06-28,3039.41,3017.580965223236,
2022-06-29,3009.24,3036.7139380420476,
2022-06-30,3058.4,3011.4396908395347,
2022-07-01,3045.27,3062.8662495077633,
2022-07-04,3050.15,3044.097448233047,
2022-07-05,3052.11,3046.3322358454648,
2022-07-06,2996.73,3049.627442339151,
2022-07-07,2989.21,2993.7803078148263,
2022-07-08,2993.31,2986.828607943659,
2022-07-11,2942.3,2994.248945645137,
2022-07-12,2922.0,2939.9791490328817,
2022-07-13,2914.29,2921.6413154790357,
2022-07-14,2895.3,2913.820610930541,
2022-07-15,2839.39,2894.473395908669,
2022-07-18,2878.64,2846.34652129438,
2022-07-19,2865.6,2874.7560201511487,
2022-07-20,2874.08,2860.9594657711414,
2022-07-21,2836.66,2873.3837896276546,
2022-07-22,2848.44,2837.0761721193603,
2022-07-25,2837.26,2848.8959866742816,
2022-07-26,2854.64,2835.494319450707,
2022-07-27,2829.92,2855.533370834327,
2022-07-28,2827.11,2829.078628629084,
2022-07-29,2792.33,2830.731142310277,
2022-08-01,2781.68,2795.2279410903834,
2022-08-02,2730.76,2779.489751826581,
2022-08-03,2710.72,2726.464664984924,
2022-08-04,2741.09,2713.519629688546,
2022-08-05,2774.34,2739.865168044808,
2022-08-08,2761.16,2773.003367654826,
2022-08-09,2764.07,2760.841962163624,
2022-08-10,2730.96,2763.362291019675,
2022-08-11,2787.06,2730.8191830432374,
2022-08-12,2796.89,2785.9276304003174,
2022-08-15,2782.67,2796.805564573815,
2022-08-16,2769.26,2786.2220406283473,
2022-08-17,2785.85,2769.6323790288,
2022-08-18,2759.29,2782.8674819137314,
2022-08-19,2750.63,2758.777492577087,
2022-08-22,2756.37,2753.074303610667,
2022-08-23,2735.67,2757.6646116536913,
2022-08-24,2708.09,2735.086488894302,
2022-08-25,2752.56,2710.190641232961,
2022-08-26,2751.59,2751.9418508747517,
2022-08-29,2732.21,2751.2261898404,
2022-08-30,2726.66,2731.997319246198,
2022-08-31,2761.78,2724.6286739970406,
2022-09-01,2732.4,2765.3669550565683,
2022-09-02,2711.26,2733.609018647112,
2022-09-05,2697.77,2709.8518840941965,
2022-09-06,2724.5,2694.916451418748,
2022-09-07,2710.69,2724.074372291633,
2022-09-08,2708.28,2710.3884491264953,
2022-09-09,2757.57,2709.8912562510354,
2022-09-13,2769.23,2757.456387104852,
2022-09-14,2745.43,2768.310476087317,
2022-09-15,2743.79,2747.526516528734,
2022-09-16,2678.03,2744.2676266624444,
2022-09-19,2679.59,2679.988757598993,
2022-09-20,2673.88,2680.4445528619767,
2022-09-21,2652.21,2672.9728493404305,
2022-09-22,2629.37,2650.7453781178174,
2022-09-23,2629.81,2630.198705070587,
2022-09-26,2614.9,2632.2368143553404,
2022-09-27,2642.92,2621.28424778624,
2022-09-28,2611.98,2641.7114013979617,
2022-09-29,2608.98,2612.0339768160047,
2022-09-30,2610.12,2609.6113509376128,
