real,pre,实际值与预测值差距比
1561.1,1570.2873320012266,0.010139531840833174
1536.07,1556.1856480789552,
1512.93,1531.7664330329242,
1510.65,1508.9110031032128,
1515.33,1497.9919451703063,
1503.88,1512.569602514344,
1498.27,1502.7964052133023,
1494.61,1500.1712769820685,
1499.29,1493.8404100368564,
1488.51,1497.948865873045,
1493.09,1482.2391676885559,
1475.67,1489.1897978141312,
1464.84,1471.8767777893636,
1478.88,1458.5278736101125,
1514.12,1476.7785391608788,
1499.03,1518.008050931681,
1502.06,1494.5638195452523,
1478.87,1505.3908087904838,
1487.8,1480.4589487914682,
1494.49,1482.5607551673895,
1477.35,1489.982704487322,
1475.34,1475.0697124786311,
1505.83,1472.3549398482717,
1528.32,1502.800612638039,
1527.0,1530.1695418267143,
1528.02,1526.4176151069607,
1534.24,1535.431142058676,
1538.1,1534.4412463697286,
1508.54,1542.9404351367934,
1533.4,1506.6366843101946,
1520.14,1540.0218878247488,
1505.33,1525.9529360499478,
1468.06,1509.248084885498,
1440.89,1472.7039767320305,
1444.2,1442.6343352139172,
1452.46,1443.5648866530028,
1464.32,1453.1133260674515,
1462.69,1459.4590902016841,
1464.28,1460.2060046771342,
1448.33,1458.0122540541429,
1459.51,1442.7132629789157,
1455.58,1456.9108794157862,
1408.87,1455.1363121028485,
1412.73,1414.98826872535,
1418.7,1414.027163196564,
1437.39,1418.794437091088,
1426.4,1439.8361256221456,
1434.16,1426.6709037088858,
1427.63,1434.5465362340894,
1418.71,1425.4766187272803,
1406.92,1417.588220751831,
1464.08,1406.9226531439185,
1477.53,1476.6390090230743,
1470.12,1479.786855913642,
1467.08,1464.2479301918027,
1464.53,1467.8470889691562,
1472.05,1466.7646011240308,
1465.78,1479.625059636313,
1473.14,1467.8119341565516,
1491.3,1471.7566437223238,
1477.49,1496.1321037742343,
1490.33,1480.5330718720486,
1534.75,1489.1087832327523,
1530.88,1547.6282234688645,
1570.4,1528.275972856659,
1565.31,1587.183770622642,
1557.7,1565.88986303426,
1523.22,1555.7501696899183,
1527.05,1523.0265219763928,
1520.56,1525.8555735966722,
1521.28,1522.9750254409912,
1493.76,1520.2476275959684,
1509.55,1496.3350829298377,
1507.04,1513.9072994960434,
1510.29,1506.2572050072965,
1501.05,1514.791717926287,
1483.78,1510.480256435561,
1496.01,1486.702023863188,
1494.81,1501.3701836643372,
1487.53,1493.6471252437943,
1485.25,1486.3892381248693,
1476.18,1484.1368756225452,
1478.72,1477.4942348403838,
1480.74,1480.8903029351482,
1508.39,1482.4742979315163,
1503.52,1514.2118988445757,
1500.82,1502.24032590958,
1488.77,1503.5657101963734,
1487.74,1490.434522677449,
1459.21,1487.7867861655059,
1460.82,1458.797005722699,
1474.14,1457.279759342082,
1471.55,1470.5892055457523,
1484.38,1473.5819984257075,
1486.05,1484.2867240680166,
1479.73,1484.8688611115115,
1491.76,1475.4883796796735,
1484.31,1493.3743224688503,
1482.1,1482.184406930706,
1477.52,1483.840916682343,
1466.39,1480.149473834448,
1484.24,1468.3829002409243,
1472.27,1481.7790514749813,
1475.35,1470.4690157596474,
1493.53,1474.7719696419942,
1488.76,1497.7922679854482,
1483.86,1482.1731313690432,
1502.96,1482.7029404481887,
1518.7,1506.7444457334161,
1501.94,1519.322164464391,
1495.43,1497.332001150391,
1478.04,1494.8124520776003,
1484.48,1479.0560591198011,
1475.76,1483.0372691507202,
1480.13,1475.8840331336025,
1469.95,1480.1724551679577,
1478.01,1465.624805397539,
1473.76,1473.544835586573,
1482.41,1472.7903085863302,
1481.66,1482.5632309289679,
1484.84,1481.1168470180492,
1489.55,1484.3045203271045,
1492.46,1489.2524621961613,
1492.84,1489.3655741541875,
1491.96,1490.3274490159363,
1475.14,1487.9618772709566,
1471.17,1472.9420115904215,
1468.54,1470.0372199587373,
1482.78,1467.2457708875222,
1484.66,1481.683789077594,
1483.18,1480.5076768769522,
1473.67,1482.4653319672668,
1478.76,1471.6762243139103,
1479.84,1475.4427264728283,
1495.93,1476.425388629393,
1506.76,1497.0645368895184,
1541.9,1506.8056666092352,
1557.02,1548.301760255266,
1609.48,1554.1786708868763,
1611.85,1620.6215781970782,
1601.38,1609.1275345922365,
1621.85,1606.5547725223885,
1607.97,1623.2166792380108,
1644.63,1615.1507695093858,
1632.41,1655.0987537047283,
1619.01,1629.9391749022543,
1593.42,1614.6383908314294,
1595.66,1594.628016800772,
1619.25,1592.06701328068,
1607.91,1617.7303610541503,
1610.14,1605.156439379926,
1596.84,1611.5980462227778,
1612.0,1595.4162132058614,
1613.13,1612.59867998245,
1609.09,1612.8073601325355,
1600.34,1610.3159138970739,
1587.03,1596.4678665782878,
1594.18,1586.382724097223,
1577.43,1589.013103365641,
1573.39,1577.1278247521852,
1572.79,1572.3036990324267,
1563.89,1571.5644256528863,
1581.28,1567.3407237659287,
1586.02,1586.324241000503,
1607.5,1585.8305067244182,
1624.03,1610.5791659440933,
1637.29,1623.6724728212753,
1656.24,1634.8781174823328,
1645.11,1654.4142575575813,
1629.99,1639.4610358341504,
1622.81,1625.6715853509033,
1630.2,1623.2118221004635,
1624.07,1631.636973637864,
1600.92,1618.8414251617166,
1604.92,1601.476072341752,
1609.87,1596.8735195502181,
1619.58,1604.2097197103094,
1583.89,1617.2675166519946,
1595.64,1586.4162494900265,
1625.73,1593.0611944791483,
1618.52,1628.8699106963131,
1616.09,1615.5289753059428,
1621.82,1609.3200661033209,
1619.7,1622.7379257677205,
1633.57,1614.3055848388065,
1634.04,1632.118215134719,
1621.71,1626.2128549909219,
1605.99,1617.8080556690588,
1600.3,1601.0294221068702,
1612.77,1591.594784844146,
1608.74,1610.3493660816503,
1608.52,1613.248642893555,
1612.4,1611.3464900346198,
1600.84,1604.0942366756026,
1597.13,1595.4248617029725,
1586.56,1600.3721853858956,
1583.42,1592.1634410520883,
1559.91,1582.6580040509084,
1585.74,1556.9391674904668,
1608.4,1582.3513082015845,
1619.1,1608.6611067041008,
1657.29,1622.5730428945546,
1651.05,1672.5822307944566,
1645.62,1646.9429989427285,
1637.63,1642.7129128959225,
1635.96,1632.9943006379729,
1640.32,1631.2850587520356,
1689.02,1647.041134904589,
1710.88,1703.912635442033,
1731.02,1734.5381835410835,
1726.34,1728.5290694420487,
1728.81,1732.241732899625,
1708.1,1714.6582188881152,
1679.42,1719.1364455144824,
1671.65,1677.093500728234,
1676.6,1677.9639708163436,
1714.71,1678.2189622138685,
1758.1,1717.7340841643893,
1777.67,1774.931516200599,
1820.49,1775.9738809422952,
1853.0,1831.869097048853,
1914.44,1851.9440729844553,
1920.38,1937.7159035220668,
2021.54,1935.8290072737545,
2037.58,2045.0176479769004,
2160.66,2079.0675299613863,
2200.25,2186.6731580799046,
2298.85,2241.481176859826,
2182.69,2304.0633444886885,
2254.82,2261.833887552491,
2193.54,2279.9931598846592,
2193.29,2175.8186797720077,
2201.54,2216.3200178222664,
2299.28,2222.8093093328175,
2383.95,2305.3251564155544,
2364.04,2411.2696769076256,
2390.28,2365.585034106962,
2426.68,2403.7030439567197,
2374.95,2447.701256045263,
2270.88,2385.015889922219,
2359.66,2303.878774928534,
2464.82,2352.887625329167,
2481.66,2481.833138950687,
2523.63,2524.0037466714753,
2581.57,2536.339281674919,
2649.64,2622.3949348964306,
2629.4,2678.69261083965,
2635.23,2651.2912018753614,
2558.11,2657.8579591767266,
2569.02,2581.5980105026565,
2543.85,2623.5485813410414,
2527.83,2596.2193707666547,
2534.23,2543.962738688282,
2632.89,2561.3416665503128,
2653.03,2660.4559962389267,
2410.2,2666.333501464257,
2403.72,2413.9383001096494,
2542.32,2425.6487297352196,
2544.31,2500.562097834979,
2564.51,2502.4980989850656,
2562.36,2586.822083838205,
2522.1,2570.2302397126505,
2486.28,2531.7705930955226,
2442.04,2466.9595368415658,
2405.38,2452.586827046309,
2332.53,2398.1881268480565,
2405.76,2315.537339008576,
2372.46,2417.6022930333374,
2348.92,2356.5942273045557,
2325.24,2388.094350381777,
2366.77,2328.269305369973,
2403.55,2407.963149104903,
2415.13,2412.172716873918,
2416.45,2393.1356888280225,
2427.47,2408.3307048260194,
2431.21,2422.415010553588,
2445.26,2413.9700191962456,
2407.46,2440.558785952124,
2478.06,2408.5397588333253,
2474.6,2480.589819246714,
2479.24,2461.9306883399536,
2396.8,2482.446001948694,
2397.99,2397.3772071845415,
2366.9,2387.3628587503636,
2371.62,2360.8027588993887,
2429.87,2345.5519925246113,
2395.43,2433.343756072,
2408.5,2381.418395158007,
2485.11,2416.0351855385484,
2495.28,2512.0746214702203,
2550.86,2477.268975873223,
2583.2,2569.6436058122795,
2649.64,2588.7354002026404,
2630.24,2644.1134720124546,
2680.68,2627.528461534577,
2720.67,2689.2078251465455,
2683.65,2714.6158273208684,
2649.16,2687.472746480137,
2687.76,2633.79330947938,
2689.24,2683.6484379564376,
2784.46,2682.0208796914812,
2754.66,2806.6758445150263,
2799.45,2765.6252130815265,
2781.64,2807.568172475867,
2817.18,2808.851941018318,
2889.45,2805.4846128348163,
2952.08,2903.765340700261,
2931.77,2945.0358379834606,
2986.61,2944.294340685563,
3041.12,3002.555611694105,
3052.41,3062.7622947951477,
3053.3,3044.3855481896553,
3183.3,3080.407656896903,
3235.33,3211.9909714833175,
3164.46,3261.361310098353,
3214.36,3201.239017650413,
3299.22,3230.2404666863486,
3273.4,3317.5149597909185,
3223.96,3263.3907881793075,
3308.45,3217.038764225551,
3282.33,3299.4719012895966,
3283.28,3291.238406169249,
3250.49,3265.44785914609,
3272.0,3274.0009307553373,
3148.81,3261.4179079498826,
3139.02,3162.415076430497,
3094.88,3145.6791670340144,
3110.45,3108.5215504388434,
3169.13,3131.978573116421,
3188.31,3173.700664849058,
3141.3,3173.3794687870277,
3128.57,3134.1272636098674,
3060.41,3112.6323161702685,
2998.39,3055.896600792754,
3116.09,2984.7239410782313,
3122.85,3130.3368021381257,
3150.9,3125.5476257481077,
3248.86,3148.8696268197973,
3349.95,3272.1833222817795,
3386.59,3344.538907133152,
3344.74,3385.46730824478,
3124.62,3328.8767553483076,
3111.33,3154.066816089474,
3244.32,3111.8338965823823,
3258.31,3227.9660192602637,
3238.43,3227.4289706357445,
3299.03,3228.6633549493727,
3303.99,3291.240358290553,
3458.71,3234.6382848151948,
3414.0,3442.6356598541965,
3370.38,3409.632530914441,
3347.12,3346.513115433988,
3350.25,3352.4449432418096,
3262.48,3324.1561161908244,
3179.65,3267.392902819986,
3211.71,3186.123550095402,
3068.49,3226.5015209621674,
2903.06,3047.0222980090234,
3003.16,2927.0362449654826,
3045.24,3010.5510852104953,
2943.99,2996.7950498009054,
2736.7,2934.08301039515,
2678.37,2772.643123041277,
2870.03,2706.863969817639,
2736.85,2830.510604848463,
2714.25,2721.2530987147766,
2582.27,2747.2531362118602,
2750.0,2559.862577939191,
2812.45,2825.9301278122143,
2608.98,2760.9390778447205,
2781.08,2654.1124077960403,
2898.41,2764.797274386324,
2869.05,2853.400370515496,
2763.07,2835.689622896194,
2757.95,2794.1750973146204,
2742.85,2731.1578219469707,
2807.06,2687.940149498684,
2783.76,2781.0110254124775,
2772.77,2758.718858479203,
2739.79,2757.712220654037,
2790.76,2723.0194764015523,
2741.04,2766.368280814137,
2493.29,2731.645284707137,
2485.67,2507.5380168037677,
2531.44,2506.891473157002,
2467.37,2507.202272092141,
2461.24,2443.215119278938,
2479.72,2460.4025920792465,
2534.71,2479.265038669511,
2487.06,2522.4564406253817,
2467.52,2468.2348613436343,
2503.8,2443.916641577514,
2617.66,2516.61570168222,
2590.71,2624.579570834997,
2561.13,2598.3394210418783,
2580.78,2556.591826675589,
2577.04,2590.9163628777287,
2550.47,2549.349984733847,
2407.97,2536.91424120958,
2430.28,2413.2225791759734,
2356.92,2417.7664791116727,
2271.36,2340.3806943306213,
2058.25,2261.5012492942315,
1914.05,2064.578073752377,
1942.45,1923.7895055958525,
2094.72,1980.804923842081,
2159.96,2081.3685169697974,
2210.45,2152.3588033192696,
2230.32,2203.349711928284,
2243.63,2220.6420795478434,
2133.98,2195.0655750987385,
2180.13,2110.5985267129354,
2211.2,2158.788630625041,
2208.48,2172.643625238421,
2195.39,2195.3641703943595,
2228.15,2209.251022271174,
2175.17,2211.177166999564,
2241.95,2122.107570822537,
2194.82,2240.7200166722764,
2198.99,2176.421356632211,
2214.45,2191.654495406368,
2237.31,2224.7107588940744,
2178.55,2244.1718259258078,
2188.09,2172.293393677061,
2183.4,2181.424260354321,
2169.94,2162.6639129582763,
2127.2,2147.507074637516,
2146.12,2106.656137509921,
2191.34,2127.542335883369,
2219.29,2194.894004467097,
2283.43,2219.681543939068,
2270.95,2316.391782339085,
2253.91,2278.4403844537915,
2297.9,2269.5816631151397,
2323.78,2316.715025419591,
2318.47,2337.740011931813,
2337.08,2313.3273502379175,
2340.36,2335.859411804095,
2331.79,2330.1603196572823,
2343.96,2297.35048745005,
2350.02,2342.545885025532,
2349.9,2326.7783835478144,
2310.7,2351.8954334950795,
2307.35,2299.8996593993375,
2312.97,2295.4998373631047,
2280.09,2311.64474174398,
2271.65,2281.5953450832912,
2370.5,2281.1659226175575,
2440.65,2379.267813153919,
2493.48,2459.638496655562,
2534.08,2515.5058498497783,
2522.68,2581.1244193486705,
2505.83,2533.755500212999,
2476.43,2536.8276746058223,
2447.77,2460.9424544687204,
2447.29,2441.9498707464722,
2453.26,2449.6469487111517,
2439.45,2465.564507612481,
2468.49,2447.3171023856326,
2466.76,2485.2832908291934,
2456.84,2464.7973653850318,
2447.9,2455.709799021021,
2459.56,2448.8815945711335,
2450.96,2445.370678373354,
2334.44,2442.77158389703,
2336.29,2335.8535566357514,
2344.83,2336.322589929594,
2458.41,2323.097467241218,
2461.45,2458.445736269369,
2397.56,2460.0496615384186,
2395.58,2391.490686355286,
2364.34,2395.8957424665714,
2369.74,2343.85727440645,
2357.21,2363.4981381186835,
2342.45,2368.5537357962758,
2414.92,2345.2553823871144,
2383.83,2418.958523360758,
2376.54,2379.277888133196,
2408.32,2361.491586453366,
2422.83,2406.601668866062,
2500.06,2428.3705009792625,
2496.05,2524.1487646374208,
2503.06,2493.212636711054,
2481.75,2506.161573090715,
2492.34,2493.1816704680064,
2411.41,2489.8687065645904,
2432.88,2407.8966433961796,
2432.77,2432.1262263569092,
2420.8,2426.993980276388,
2270.46,2399.2589632054937,
2288.11,2279.1456793380053,
2317.65,2296.5012573841386,
2180.59,2310.2291551492717,
2219.61,2165.6140744906484,
2120.23,2239.4900456816767,
2131.37,2091.0521465588936,
2105.51,2161.3402810164916,
2132.08,2109.461205159126,
2070.93,2133.531642021512,
2069.27,2072.8094422138633,
2128.57,2051.48700805675,
2088.72,2139.6979509122616,
2040.98,2072.0437798918347,
2061.96,2050.1440140440964,
2065.44,2079.2897481797736,
1951.61,2047.855642558855,
1953.46,1954.162939172473,
1912.72,1956.5172035467467,
1973.01,1894.1407670347503,
1937.07,1974.6163942795033,
1969.62,1932.4012290025537,
1952.37,1962.4681936265865,
1974.24,1937.6217624927217,
1967.26,1962.7907870284198,
1948.28,1955.8495662654523,
2000.9,1939.9734635314715,
2014.44,2001.7542112048181,
2009.27,1995.7810879625522,
2004.11,2005.0758071989044,
2053.86,2002.1854029692734,
2029.52,2057.3816189183717,
2041.39,2025.6625066499898,
1932.6,2035.348630978299,
1955.4,1929.8067409745247,
1944.61,1958.9009346156806,
1973.19,1929.4701235355278,
2043.41,1958.2305548484974,
2053.27,2048.2768022011137,
2122.27,2039.7901540747987,
2107.67,2129.6081925697335,
2115.16,2109.7427293085325,
2111.92,2109.320764769541,
2061.45,2072.7325768759497,
2070.72,2045.0355018094133,
2078.41,2059.4869754302235,
2101.12,2074.049515606509,
2136.13,2105.8770388603284,
2131.48,2145.2594811904337,
2141.18,2130.1343169655947,
2193.39,2153.40980894042,
2173.26,2199.0375253362154,
2175.28,2191.6293108144873,
2137.59,2182.975553690366,
2149.2,2133.070486284393,
2123.03,2144.740189857877,
2106.86,2127.4932399350437,
2157.53,2108.4221700876046,
2156.54,2161.2361336562512,
2167.78,2156.2749414849454,
2180.26,2168.7829609436426,
2168.04,2172.5837753340156,
2139.4,2154.764422518652,
2123.8,2135.8689327536467,
2148.44,2117.2753337028107,
2143.9,2158.1579562568286,
2171.31,2141.242885657354,
2178.87,2185.315100227929,
2182.07,2182.7716826369006,
2158.23,2186.5658827889138,
2163.61,2148.605034439024,
2154.89,2160.5737902279902,
2147.72,2144.8581723695625,
2157.72,2126.21613158491,
2148.28,2155.9231849671064,
2155.79,2135.1656281632663,
2145.38,2146.638805050802,
2142.06,2138.89245969277,
2135.51,2135.3182864285036,
2158.27,2130.5688145813806,
2152.93,2159.843928012811,
2152.88,2147.992594254596,
2107.01,2144.7339495467586,
2072.47,2105.7506664853104,
2072.38,2070.747663406082,
2078.41,2069.9701736566485,
2084.84,2075.0343369809866,
2076.19,2079.230634518994,
2082.62,2074.57561579728,
2075.47,2070.7038491318863,
2078.76,2067.365524048304,
2073.8,2067.0990864161513,
2083.12,2063.3391030442453,
2082.41,2075.6007774268037,
2066.64,2076.095664934408,
2071.91,2062.301839128949,
2076.14,2067.9457729973983,
2074.92,2070.6921634810788,
2092.16,2069.062671420638,
2155.66,2086.2892902579138,
2138.96,2152.6841883072216,
2137.65,2133.973557852984,
2152.64,2133.7591523847414,
2136.32,2151.1614507764166,
2139.07,2126.643255949381,
2132.96,2136.080917823221,
2084.3,2124.545926776573,
2095.02,2080.0717719535937,
2106.63,2095.7881312030563,
2094.81,2098.0332716609296,
2102.2,2089.7585779399296,
2104.22,2097.597129352211,
2104.56,2103.2469620082984,
2115.77,2102.8953066670024,
2105.53,2120.673306491561,
2076.3,2105.560501178595,
2095.89,2072.3195453386074,
2102.05,2091.2012464150002,
2122.97,2089.348113826727,
2122.63,2116.873109966789,
2127.09,2117.0915588617227,
2163.29,2127.5863757053494,
2168.86,2165.162376119271,
2167.1,2169.2684951818715,
2166.88,2160.2481330173587,
2148.76,2163.216808009343,
2155.72,2136.996673032985,
2200.35,2156.4768780362406,
2197.79,2203.043526546095,
2195.23,2204.745636564679,
2192.39,2197.659351082226,
2187.98,2188.7043888979083,
2175.4,2182.1502531707833,
2167.12,2177.032830037157,
2177.78,2163.507031752042,
2157.23,2173.251421024715,
2159.55,2155.5755576696283,
2182.5,2159.9393426724587,
2173.97,2184.2442973491593,
2163.81,2165.267819507252,
2155.24,2143.725164547766,
2147.56,2145.1803856864603,
2148.45,2133.6569642610307,
2145.79,2137.4297044837153,
2143.84,2136.453126881149,
2148.68,2132.5307160790594,
2159.67,2140.8383695783014,
2175.35,2153.9453068093135,
2170.1,2166.061266605883,
2177.06,2162.0108043315395,
2222.49,2182.291722120693,
2287.66,2232.7282414917354,
2257.7,2300.827183249527,
2253.74,2268.059729036959,
2244.72,2262.0724837767293,
2249.34,2253.6712933188373,
2237.13,2244.800753348146,
2241.95,2237.6405459619405,
2232.21,2240.654152814429,
2222.15,2230.6733085389146,
2219.31,2213.262040264261,
2214.26,2212.156893328357,
2224.06,2206.641748258745,
2232.71,2216.1391145553525,
2220.4,2231.1374888461874,
2229.89,2219.124842841125,
2228.72,2226.432272667095,
2232.45,2228.8369446435013,
2236.55,2230.9236703274423,
2236.63,2234.151559558528,
2229.31,2234.0827871544257,
2199.98,2229.016231802114,
2193.19,2193.9863901908266,
2176.52,2183.0427078487905,
2189.46,2163.581840077562,
2184.21,2175.3768526180606,
2187.15,2178.4417768162366,
2200.7,2180.758672688668,
2196.29,2199.331152333306,
2167.26,2194.0851955893445,
2176.45,2167.813597556885,
2166.72,2174.7093109788843,
2175.37,2158.5595948858663,
2177.35,2165.4253864247366,
2202.87,2176.976962953596,
2209.23,2205.318384080721,
2201.0,2206.2231854900874,
2202.12,2198.7697374319237,
2209.81,2199.5519444718266,
2192.88,2201.1800561021287,
2222.78,2187.709900593355,
2221.53,2221.221962975789,
2223.42,2216.8313842953144,
2240.75,2218.219806337273,
2270.95,2242.627003209428,
2266.17,2272.6939140548075,
2257.12,2269.8252379237015,
2250.26,2256.4745911380837,
2253.8,2244.1232619774273,
2250.47,2251.12335247836,
2263.48,2246.243210143722,
2244.74,2258.1784258889675,
2273.63,2235.2726244786677,
2271.93,2275.3128866379184,
2276.95,2272.4680413173455,
2282.42,2274.8234170620917,
2263.92,2281.9744403060595,
2289.45,2257.580925778662,
2308.43,2288.1064882861992,
2317.77,2304.2326170936194,
2310.9,2324.837982398331,
2309.94,2324.616574135547,
2316.72,2307.6047170239103,
2307.27,2304.6662935772392,
2334.68,2301.0058099629296,
2353.0,2334.69298635972,
2360.34,2354.8774363231314,
2368.73,2364.4119217339526,
2393.95,2378.90100853475,
2403.14,2393.6971207194592,
2441.58,2398.1581055413835,
2419.41,2449.447219341455,
2431.31,2436.2411692372307,
2416.51,2436.1471306539866,
2375.26,2415.831249480847,
2368.68,2369.159763461023,
2376.92,2366.8407724296844,
2379.0,2367.105061818274,
2411.31,2363.6420815716406,
2387.16,2411.466845437573,
2372.93,2392.6425620250625,
2360.38,2368.1865204710143,
2309.82,2355.094816015351,
2302.32,2304.728714390646,
2291.38,2306.9874834658226,
2279.68,2285.8481009777734,
2297.37,2274.9113249970515,
2292.04,2294.897927784794,
2278.48,2288.2750519397423,
2294.71,2274.577944593412,
2286.96,2284.068158102097,
2277.18,2277.7987397859138,
2275.11,2264.3569471532373,
2286.9,2271.802384725897,
2307.89,2280.5183326108254,
2322.21,2301.7973781521287,
2322.68,2316.0230276002358,
2308.94,2312.456287884431,
2318.34,2302.600758692798,
2312.6,2316.9469086657355,
2300.47,2306.5945942351245,
2295.4,2296.3857600343235,
2308.06,2293.4473442240196,
2337.39,2310.540096425806,
2329.6,2335.824331078784,
2342.78,2317.7668697272893,
2334.96,2338.237256275618,
2347.18,2319.9573161983417,
2347.1,2345.2464175177647,
2352.42,2342.8041548226665,
2358.7,2343.8467190940746,
2364.02,2354.850477378358,
2339.99,2358.568971440744,
2343.97,2338.144092624907,
2337.53,2342.7237811493046,
2346.43,2328.7091292087853,
2354.9,2342.6220952280064,
2368.18,2349.297593989009,
2379.31,2363.2742003893727,
2373.51,2378.3286642797657,
2372.19,2372.435252875061,
2376.76,2367.3402262752174,
2362.71,2370.0319918465175,
2394.12,2365.284061425331,
2396.88,2392.3140062055554,
2398.19,2393.451190571189,
2387.42,2393.5358458970613,
2389.88,2381.1650832200085,
2370.56,2380.106438607639,
2370.71,2360.734617789934,
2371.93,2364.8503995258743,
2354.91,2367.8711322063855,
2347.15,2353.3196389622844,
2349.89,2347.3115091090385,
2356.29,2340.49999190413,
2358.07,2348.067711860632,
2346.55,2351.9330794577218,
2339.23,2338.360934405172,
2354.89,2331.8104045718846,
2354.9,2345.190645930801,
2357.31,2342.113711104368,
2369.19,2345.9266358439118,
2346.96,2362.001587658223,
2350.07,2344.565503921346,
2357.14,2349.1178920318607,
2338.55,2346.537344290008,
2347.43,2329.9865682841128,
2365.6,2346.2559838980633,
2364.43,2361.0789546441856,
2356.31,2357.4092862831076,
2352.69,2357.797721303563,
2346.67,2349.973104520096,
2359.75,2340.689918677066,
2384.26,2357.012507602869,
2390.39,2377.8191117520464,
2388.27,2378.2624538622777,
2379.16,2385.5811867954235,
2382.11,2373.600706322447,
2378.86,2374.3557400080554,
2368.11,2368.30088531188,
2355.52,2355.2920105195644,
2357.52,2343.5719154617163,
2337.35,2345.863311923419,
2325.04,2326.988590034047,
2335.65,2312.968117294283,
2347.67,2328.024901117763,
2341.93,2339.275833480111,
2344.74,2330.9675585698506,
2344.5,2336.126017438706,
2351.64,2338.927785193495,
2347.04,2340.3311771416193,
2336.79,2341.872111762651,
2329.77,2327.621048083569,
2325.43,2322.2929283571666,
2320.6,2320.162827189749,
2326.1,2312.63467162469,
2316.29,2315.8053176289923,
2324.92,2308.251322268492,
2339.29,2317.196075755941,
2375.45,2330.221808861832,
2381.75,2374.0257404171625,
2381.32,2380.6770029491536,
2363.56,2367.749823492253,
2354.75,2359.451030368202,
2361.66,2348.780441764663,
2381.55,2355.608456497913,
2411.8,2376.2941975423882,
2407.57,2406.9820194095746,
2473.5,2398.6512616219807,
2471.21,2466.2631656324593,
2479.08,2462.6264555334546,
2496.45,2475.208729891954,
2475.46,2496.072541551829,
2450.35,2471.404522094809,
2466.01,2447.349345991048,
2484.03,2460.6981068284076,
2507.03,2480.348986905433,
2519.27,2497.290440710668,
2521.17,2522.355340531444,
2515.14,2520.384391763533,
2477.32,2518.982783916361,
2461.97,2468.895741328636,
2452.79,2458.1680656053313,
2484.12,2448.261034345336,
2474.43,2480.244020770945,
2497.25,2472.397265356264,
2516.67,2488.807415508106,
2529.1,2513.8912384991527,
2543.32,2528.115691485412,
2554.7,2546.4817785002597,
2537.64,2546.433406428917,
2552.98,2539.1150543110334,
2549.97,2547.0782731507798,
2534.37,2544.361370305889,
2511.15,2526.2712091135536,
2548.1,2504.4565038504834,
2553.88,2541.891518770997,
2543.66,2550.0230036020967,
2550.11,2527.9689040874837,
2570.59,2546.776236243173,
2565.14,2571.2347733626293,
2600.95,2574.111203693834,
2622.98,2603.496783501323,
2631.41,2621.3646684527694,
2624.31,2635.7720954373262,
2657.89,2619.115286179137,
2665.45,2654.737274222992,
2639.21,2648.834067826985,
2654.38,2633.8424841012893,
2643.07,2653.8784368539136,
2636.2,2641.4083025373093,
2636.63,2636.609911396745,
2636.39,2638.1152018436387,
2638.12,2624.682358241904,
2681.81,2632.6257679797927,
2680.63,2676.5788727912595,
2646.22,2683.5279060151506,
2627.8,2645.6175037262965,
2634.18,2641.2909260173037,
2635.18,2630.4519169294317,
2620.38,2631.3697499522377,
2611.34,2617.3677384054345,
2570.26,2613.3980662570057,
2591.45,2568.5165997691292,
2605.24,2590.353739073481,
2595.0,2608.8933645853176,
2604.08,2589.817077036437,
2613.26,2601.35477257427,
2616.82,2612.071710720267,
2643.5,2616.3261238239156,
2659.78,2638.0338801637754,
2646.4,2658.909916070834,
2706.24,2653.3309883108886,
2736.46,2710.0257338699967,
2739.13,2743.623293534555,
2728.23,2740.318824435829,
2714.63,2738.1438587560915,
2710.12,2715.535163359775,
2711.35,2713.671710340341,
2729.85,2708.792385077554,
2714.33,2728.135124239138,
2691.83,2708.7946047757814,
2686.69,2687.4102767569298,
2674.75,2686.441986018907,
2692.54,2674.9535016133937,
2687.67,2692.470032451752,
2672.84,2681.3029913734104,
2668.38,2672.5232313067595,
2674.18,2665.132558432223,
2670.69,2676.885102610518,
2662.63,2675.7483969545374,
2675.55,2661.9762193554243,
2679.05,2679.6316214594617,
2680.65,2680.952531394224,
2678.99,2681.766525835357,
2661.55,2671.918104302816,
2661.28,2664.128178900029,
2672.33,2656.481923351008,
2692.08,2669.7072717272404,
2695.54,2702.710979390811,
2707.52,2688.1315565572813,
2718.35,2708.693641762995,
2713.38,2712.9941762840426,
2726.64,2714.4173316176775,
2723.53,2727.9889435448413,
2753.01,2726.1023625508633,
2756.04,2754.3662315812862,
2737.64,2749.4690947740046,
2734.37,2731.890748136362,
2753.65,2734.7465796823953,
2752.14,2748.162710283129,
2771.04,2748.740770208301,
2814.27,2771.2128132628113,
2809.11,2818.38763124905,
2793.71,2810.1426522173033,
2789.4,2779.2516081155345,
2794.1,2789.295099813697,
2800.47,2789.830443605982,
2792.22,2797.5894736073456,
2821.96,2778.151644461912,
2819.96,2813.679759324429,
2832.96,2819.0420702674005,
2862.34,2836.0302483617047,
2873.51,2861.6412301052774,
2861.42,2873.425734634893,
2850.05,2863.2543938581193,
2879.4,2854.711072235682,
2938.8,2879.4882079678628,
2941.15,2937.7382466293184,
2987.17,2931.60072122741,
3012.36,2994.126392246394,
2940.73,3013.172898979834,
2936.83,2942.0999704447613,
2917.31,2949.050790604328,
2897.11,2898.9987975469044,
2893.28,2872.34344165062,
2863.45,2889.674588261347,
2842.18,2838.9408970143836,
2861.36,2833.7770251839465,
2910.48,2856.4389909020592,
2875.73,2915.6580186547135,
2848.89,2866.0878064114536,
2865.34,2845.8661102026704,
2899.1,2846.7715516903836,
2850.2,2886.854823965416,
2872.94,2846.9778581999517,
2850.05,2872.7116167722797,
2820.17,2842.1806720087234,
2829.06,2809.038770527795,
2873.03,2832.240376582139,
2879.64,2877.1182591900724,
2895.37,2871.928463633102,
2880.77,2890.280117821488,
2880.1,2880.989816622851,
2894.34,2878.4396493000186,
2839.63,2896.2903283802275,
2859.05,2839.729973923032,
2860.44,2862.4345716906946,
2908.73,2853.361748649285,
2913.26,2902.668212731054,
2919.48,2924.137797946259,
2932.36,2928.1168903868693,
2947.76,2933.683368844832,
2969.32,2954.118328253157,
2995.56,2971.8413395960674,
2997.04,2996.931056558553,
3018.6,2988.42610666511,
3048.81,3022.334866030014,
3063.86,3047.970283900204,
3076.18,3060.849932518206,
3106.55,3094.7651892602266,
3117.82,3121.488891118903,
3130.33,3132.9568678669434,
3176.5,3137.9313390793795,
3180.33,3187.5932454170797,
3157.46,3171.4883420832225,
3172.78,3164.9993890968694,
3120.7,3165.654516415816,
3079.12,3115.2334239714255,
3116.83,3082.8723000383047,
3141.23,3112.6150438470604,
3149.64,3130.485330426958,
3181.34,3143.5116655859692,
3117.49,3183.0063831897305,
3029.6,3093.4462569976454,
2945.84,3045.8741914699262,
2810.03,2965.9876460377977,
2805.21,2782.598079196093,
2852.72,2781.719428479281,
2871.79,2843.6255259447043,
2931.88,2845.240537857271,
2957.17,2944.8800397629198,
2973.79,2944.978856356118,
2927.1,2971.575662201227,
2878.67,2918.354423792914,
2891.3,2866.705833619987,
2864.18,2886.972684275044,
2863.99,2861.52670683539,
2892.48,2863.3531704161537,
2878.15,2887.749352835645,
2898.25,2874.487775119221,
2908.2,2896.1785125889237,
2909.58,2894.4049764885153,
2883.38,2902.78754143084,
2871.33,2884.703331882408,
2894.98,2870.9552414960176,
2870.73,2891.0663453011616,
2897.26,2872.319966059444,
2904.4,2889.6702053937015,
2894.18,2898.92361284725,
2866.67,2890.4647316401115,
2791.47,2855.0509616814907,
2738.87,2769.8306423180707,
2747.59,2734.6376521941456,
2694.83,2749.448848448454,
2738.79,2669.363154789683,
2722.15,2743.3755090859777,
2711.37,2710.607870952781,
2697.27,2707.31903203012,
2702.37,2699.098166712327,
2715.73,2717.9689344234707,
2780.8,2717.888744370063,
2785.34,2783.425452807677,
2749.7,2781.2806549943384,
2726.4,2738.650276984974,
2664.7,2733.9258473970453,
2635.7,2660.8719809729396,
2653.77,2636.622639019692,
2682.55,2655.5646285703606,
2647.38,2672.9494175699483,
2664.92,2644.3194493005794,
2722.85,2664.677338866885,
2702.98,2728.0492849775746,
2666.02,2696.286579898595,
2653.54,2669.507780542515,
2652.73,2646.456833921487,
2663.98,2636.04351176096,
2646.35,2642.206819233216,
2683.85,2647.0317177808115,
2722.88,2678.1836940003504,
2717.24,2724.0394476490164,
2729.4,2710.7238590751654,
2724.72,2722.5115378994124,
2753.54,2722.337375297257,
2750.83,2752.415727953946,
2716.78,2744.7250042870023,
2700.88,2714.193018486977,
2740.53,2693.3300425812436,
2745.8,2738.9452437968384,
2728.0,2742.2477325914883,
2683.69,2715.5816877697484,
2665.68,2683.808962085134,
2661.29,2663.7541831503895,
2673.2,2655.6449155186433,
2663.4,2676.387995119331,
2605.9,2661.734546535998,
2658.29,2596.743240943965,
2647.19,2669.6285876928846,
2694.58,2636.739421870631,
2707.02,2695.2198841733016,
2692.18,2700.0790581280976,
2695.24,2685.384916299896,
2652.08,2693.495033065833,
2660.41,2649.9910409356876,
2687.7,2665.5014157739097,
2671.63,2681.6114385498804,
2671.3,2655.3705490801804,
2667.98,2670.1982017578903,
2599.78,2670.2119747137403,
2598.33,2598.556086132863,
2579.05,2602.45601557779,
2583.71,2581.2648175308573,
2536.46,2566.3232153944646,
2506.72,2542.350540547281,
2452.64,2495.538320062218,
2425.18,2449.25375667207,
2479.91,2419.0288574169717,
2386.38,2485.3332915772476,
2388.98,2382.725578798678,
2368.43,2377.899464756582,
2374.36,2351.0712984573624,
2402.62,2367.529203113984,
2471.29,2413.647701077994,
2471.23,2476.3665928076007,
2432.28,2451.766877540881,
2474.62,2411.4330311593917,
2476.86,2492.9003077418147,
2448.76,2471.8508797634026,
2430.44,2431.9753867295626,
2420.76,2434.0563705922236,
2426.16,2419.4303926464,
2493.76,2427.8019607263514,
2526.81,2504.774351511053,
2563.58,2529.553236001521,
2563.69,2558.9893901356295,
2530.99,2558.6483521266045,
2525.09,2539.659688331435,
2541.31,2525.0256572124144,
2545.12,2539.593990870318,
2490.25,2542.315417517039,
2440.31,2499.4776930808953,
2413.5,2430.547012676176,
2406.54,2411.6272242538325,
2479.78,2405.416480191085,
2447.0,2494.0550785880323,
2504.62,2447.6049868613286,
2503.21,2503.1594098351966,
2478.51,2503.728690424799,
2469.2,2452.982468497648,
2408.72,2471.3643026136115,
2405.16,2397.659479752565,
2374.17,2401.4985072414465,
2409.13,2377.5380260757797,
2452.38,2394.420573056804,
2450.15,2452.8372917036777,
2461.07,2451.050887623059,
2472.0,2458.1996493994193,
2522.34,2470.483982481864,
2511.15,2526.199284686056,
2503.48,2500.9461610166263,
2479.21,2503.8669019484214,
2474.48,2487.475286237995,
2465.88,2477.565757056363,
2500.44,2462.5230118583145,
2441.23,2499.489974491545,
2416.03,2432.7139354102324,
2437.68,2411.9151378687548,
2413.43,2445.130375242369,
2398.77,2414.953321721847,
2381.39,2402.9508915696847,
2415.31,2386.580311322998,
2425.42,2418.0649280606963,
2399.88,2414.534116860609,
2458.77,2394.074047063573,
2487.08,2461.770007738035,
2487.42,2489.7582978355667,
2573.6,2481.799156418498,
2547.79,2570.5382495102017,
2582.77,2549.8563264299355,
2575.45,2585.3472410655463,
2606.67,2570.9387210803175,
2486.82,2616.1144998573545,
2491.66,2476.3516673727568,
2494.06,2507.7176728508434,
2390.5,2482.4288295560955,
2444.13,2378.4152702787246,
2412.48,2470.612089597608,
2415.49,2397.217682663665,
2429.21,2414.4322863923953,
2369.07,2436.9843558317016,
2446.32,2361.9256349026314,
2540.15,2448.1513770692754,
2464.81,2550.2725884314273,
2477.49,2450.000187401447,
2485.1,2489.82186011574,
2468.91,2494.901968853947,
2389.58,2488.0746138658374,
2415.65,2379.0453822278932,
2451.12,2421.3024787723816,
2460.16,2453.0833769388887,
2542.77,2463.913101604024,
2511.59,2556.9973528669316,
2499.68,2497.670960582116,
2482.33,2500.2689269910907,
2486.0,2472.4671338475805,
2434.21,2481.7193649070205,
2444.97,2431.733575121077,
2462.97,2451.4469729414027,
2429.99,2462.007439811,
2459.14,2434.2455508998096,
2461.44,2446.4797866282006,
2492.08,2460.8768712389883,
2446.79,2491.052003982785,
2451.27,2451.3721522988158,
2437.64,2445.6916897169294,
2399.2,2435.2438944575174,
2401.9,2394.9031379372072,
2394.29,2399.0654327525476,
2421.13,2397.1963397219915,
2401.85,2422.902813124378,
2428.04,2407.9539342163926,
2488.06,2430.1925362243223,
2496.14,2486.362340668589,
2481.79,2483.218643351943,
2434.49,2498.8865324790836,
2430.72,2428.1590131586654,
2408.61,2431.0187122245393,
2415.58,2404.126934249168,
2423.32,2420.7281893946124,
2457.9,2415.8555895186823,
2423.38,2454.7945910358812,
2425.94,2424.2983473599843,
2397.87,2421.53020558772,
2369.55,2403.7587572629095,
2334.92,2370.9494262959643,
2306.15,2329.2058017219615,
2309.23,2300.6139531626386,
2297.33,2305.5055459959,
2281.56,2284.8203887568325,
2276.06,2280.755719348891,
2293.1,2273.343653720536,
2262.79,2287.817016494758,
2269.24,2275.241368567105,
2314.65,2272.10917605059,
2314.32,2318.0354424025004,
2305.17,2309.8497493602345,
2332.72,2293.6653461751894,
2331.85,2342.8356585523043,
2354.5,2336.012059948831,
2331.14,2359.715229324952,
2378.37,2326.811003926238,
2381.22,2381.877662659659,
2371.35,2372.9325773145342,
2417.36,2363.6633723955297,
2432.49,2421.2273683302924,
2401.23,2436.8517534745347,
2397.05,2399.7609725118837,
2411.56,2396.741598128875,
2441.64,2407.598015114589,
2437.03,2437.686870122027,
2455.9,2440.598789945745,
2440.01,2453.3093401563247,
2483.47,2443.6822846907553,
2499.64,2482.9020665193343,
2527.47,2498.003857049674,
2533.18,2521.4681365868123,
2580.61,2528.8731621541283,
2576.31,2570.1611767984195,
2517.46,2571.6140219365543,
2582.85,2512.8619062332546,
2579.05,2587.3609450028725,
2588.17,2576.076630283316,
2577.23,2588.1389562669438,
2623.07,2585.710864105509,
2787.7,2623.180739378581,
2733.9,2791.4182150903994,
2750.34,2726.7179611815654,
2743.97,2761.612688811945,
2819.47,2756.305217224084,
2832.59,2826.5489574725966,
2828.87,2839.9396997646854,
2840.27,2835.0357306927476,
2789.7,2842.3934053990365,
2685.59,2785.6412986341093,
2708.6,2684.7424505862405,
2719.77,2712.931670965518,
2723.96,2715.160250399567,
2729.13,2721.574646336543,
2755.81,2739.8660304625346,
2825.18,2764.4964466457945,
2806.9,2830.779295598036,
2812.92,2811.7375785106383,
2802.96,2809.3857093243105,
2795.39,2802.3582607894796,
2718.18,2791.8233121732296,
2706.15,2722.469554360308,
2741.59,2709.463522507031,
2733.97,2739.138523367711,
2838.51,2723.6042565239272,
2892.62,2845.7424614422703,
2888.53,2897.6787627112685,
2920.0,2874.4645838027886,
2951.98,2933.2890373112505,
2962.27,2961.288318198121,
2967.51,2956.028746157999,
2979.1,2966.2541069300805,
2928.43,2973.5393244979437,
2920.52,2935.988657285364,
2924.93,2915.458615882604,
3023.03,2926.301844769315,
3017.42,3023.127906950663,
3004.92,3037.1288367542425,
3042.43,2985.6972543392567,
2970.49,3036.2091795534216,
2978.85,2969.4932056920206,
2974.85,2978.4875661857536,
2928.0,2966.363655667804,
2892.86,2921.151027032964,
2939.41,2898.138837476636,
2945.24,2949.664440905233,
2805.04,2952.0280736809887,
2806.26,2789.223996812583,
2758.24,2820.7353976142635,
2698.78,2741.6156261206565,
2793.76,2693.8218311512865,
2741.11,2803.180216242089,
2724.73,2729.7472669613567,
2783.54,2718.7806375761857,
2791.41,2799.228703042681,
2735.21,2797.2873398879083,
2715.43,2729.533539245716,
2739.79,2720.8880434421517,
2725.73,2745.11352974625,
2685.93,2721.356153559499,
2702.03,2685.2771158043997,
2722.33,2713.7563079496467,
2748.8,2720.819724874879,
2755.81,2746.919906015866,
2742.96,2755.8533992033804,
2728.95,2739.2842511222343,
2743.06,2723.2183388268845,
2721.31,2743.985340465922,
2719.6,2725.1222094842233,
2706.76,2722.334213242356,
2743.37,2701.4147309462273,
2812.9,2752.05482059551,
2796.73,2811.6288601583883,
2794.54,2792.200538521106,
2785.61,2788.5365667646947,
2793.7,2781.450053107554,
2806.45,2792.011632858208,
2842.74,2809.4235031508506,
2942.63,2852.1391075286356,
2938.77,2937.2215402416173,
2949.52,2958.3237894573467,
2910.12,2939.731568529281,
2903.49,2898.906005875264,
2937.13,2904.763393654997,
2930.6,2927.308903137331,
3002.94,2915.6658906189205,
2999.08,3017.837665601701,
2964.73,2987.6037937871597,
2953.27,2968.283410384204,
2961.92,2951.481717657575,
2897.51,2954.55835572493,
2881.55,2884.9881827753015,
2878.78,2873.3767839559987,
2887.83,2868.3475935348174,
2902.13,2883.701349317665,
2902.61,2911.141685439929,
2884.56,2904.3389579199497,
2875.03,2882.094462627696,
2859.16,2863.483410762229,
2895.63,2860.2415895946833,
2881.9,2904.7991297314848,
2881.1,2883.9603765314046,
2906.55,2878.6694099337637,
2931.18,2908.5801082359562,
2939.35,2935.842154392925,
2930.49,2939.991973885816,
2944.02,2928.0878429808613,
2912.66,2942.306934365269,
2887.87,2910.487166355951,
2843.77,2887.904617222549,
2786.72,2835.544723838084,
2760.68,2793.7691630410413,
2747.25,2753.5493689171326,
2786.87,2749.0530852753313,
2772.15,2771.8687927916194,
2824.8,2768.6974241115554,
2792.91,2834.4919943966242,
2804.36,2783.4242164378643,
2814.39,2810.3056352529047,
2824.23,2808.711299663693,
2877.23,2837.643682845783,
2875.65,2861.203609395041,
2869.22,2870.339377220527,
2878.0,2868.213379808101,
2917.38,2874.8301618484234,
2863.48,2913.5215124466445,
2887.24,2854.4882614701946,
2867.03,2895.466930065519,
2855.45,2863.939800048959,
2872.4,2860.580519611606,
2894.96,2869.2586288287744,
2892.18,2885.759577034874,
2919.68,2894.2715922573025,
2955.84,2913.201280050597,
2981.07,2962.5947930186317,
2981.59,2983.0318085799568,
2969.8,2983.0406714789883,
2957.14,2962.4767584511983,
2999.56,2956.9860958177246,
2982.45,2998.4160717286277,
2937.01,2975.5334221318926,
2954.36,2930.293475890736,
2956.83,2960.4946204763623,
2963.43,2947.499495328894,
2930.91,2959.4455137103514,
2940.08,2925.525810597214,
2928.84,2947.6598937531685,
2927.88,2918.530271245443,
2929.47,2936.43915983649,
2897.7,2929.7610793599547,
2922.35,2903.279564531936,
2922.98,2930.0477212432997,
2940.8,2918.0379849739606,
2983.12,2941.9565620012586,
3013.53,2981.187001212461,
3015.42,3011.228482648051,
3004.72,3013.306897459629,
3011.75,3019.3477741317597,
2963.18,3014.5707610013797,
2968.91,2965.3553952044317,
2973.22,2968.384271637787,
2954.31,2966.9534944420807,
2959.03,2947.4937907484145,
2967.05,2965.6391264041304,
2981.36,2957.126835637133,
2968.28,2976.7250696794354,
2952.12,2962.714563526307,
2954.73,2953.636506660399,
3002.65,2956.9195224890223,
3022.27,2997.551104755789,
3039.98,3021.478354801885,
3032.79,3035.915109572137,
3033.3,3041.859171103638,
3012.46,3028.8879260176855,
2965.71,3013.9129163515586,
2971.36,2962.22251281116,
2967.67,2975.4804398215747,
2968.57,2957.255132374827,
2954.7,2968.677935960615,
2980.95,2954.226864586717,
3000.75,2984.702373642897,
2968.12,3001.2721054647955,
2949.34,2959.0779504325346,
2922.27,2945.9414205391863,
2951.25,2919.756445900546,
2946.57,2949.741954209086,
2944.32,2943.9791337812876,
2930.48,2945.4804083710783,
2894.72,2935.5479151126824,
2899.44,2888.066966044704,
2909.62,2901.464891928015,
2901.07,2898.2126892420124,
2921.95,2897.6983798443002,
2939.82,2918.19442176787,
2933.04,2932.1933218855597,
2936.99,2930.103070393715,
2949.65,2932.66000930309,
2938.04,2949.2577679044675,
3006.31,2929.695321208764,
2999.2,3007.087399334813,
3033.14,2984.742040450948,
3025.78,3039.3274814877213,
3017.71,3026.091340219763,
3012.63,3011.436177093366,
2984.24,3011.1411934967664,
2996.76,2990.985790148916,
2986.0,3000.5768580459444,
3011.64,2977.491253902668,
3017.78,3010.0277935967665,
3062.75,3024.207854022268,
3063.22,3064.5456789795053,
3090.83,3060.036488104583,
3078.28,3086.8011627997553,
3056.84,3078.60594153426,
3074.02,3064.383886553671,
3037.85,3080.302675099556,
3067.55,3026.120745902609,
3067.88,3072.978040379266,
3090.13,3063.2692194476385,
3080.6,3087.606971217217,
3058.01,3081.147350148388,
3043.09,3051.038544717224,
3053.17,3049.4966809844072,
3065.99,3052.802912081654,
3012.11,3064.7443510957405,
3017.88,3008.8389885567153,
2932.49,3024.002468240179,
2727.09,2919.7839536535516,
2794.66,2694.8810795171403,
2812.9,2825.2467113230646,
2854.89,2765.7818178669863,
2851.71,2850.7784597470622,
2850.06,2840.4208211339387,
2879.86,2844.7066226441048,
2895.59,2879.137241801656,
2875.48,2887.8883186521607,
2895.06,2875.8085189543795,
2950.07,2894.4890135716428,
2924.4,2955.1065987367224,
2923.76,2914.7974637422794,
2978.18,2924.5712117979,
2968.14,2977.5698056547203,
2930.03,2970.016898366898,
2909.32,2925.508448636783,
2901.67,2905.259401380635,
2912.04,2904.453119762704,
2821.04,2910.5212709585326,
2907.89,2819.8635556585855,
2921.44,2924.918901564729,
2947.57,2918.920530706397,
3018.07,2930.3212715188984,
2964.83,3031.6544131044598,
2868.83,2959.6885172690095,
2924.22,2866.450792975301,
2888.36,2925.0627830425497,
2841.98,2884.9532853423075,
2798.77,2823.218235164936,
2694.02,2802.1738461147806,
2685.59,2718.8357958424463,
2625.75,2663.138017696026,
2569.79,2612.33515510162,
2628.42,2566.4916689957945,
2559.62,2636.9482134026684,
2639.38,2553.3370235748275,
2700.19,2660.990977281481,
2689.28,2694.498598814333,
2701.44,2689.810955850621,
2690.04,2726.5279239068036,
2689.38,2682.061112640546,
2682.08,2702.296701561251,
2719.89,2688.2445232805258,
2708.82,2728.4674277003073,
2757.41,2704.305209894562,
2743.89,2756.192260569364,
2752.59,2737.12985917671,
2749.85,2766.0978405705464,
2739.17,2748.950090295704,
2785.72,2746.411027653617,
2764.49,2786.099573475986,
2768.26,2746.328640164805,
2809.08,2771.597356152152,
2819.79,2808.3047802751976,
2784.53,2811.9199410104925,
2804.24,2784.4403161290425,
2797.66,2796.181246401597,
2776.02,2779.381361359784,
2805.22,2768.3942472168246,
2825.14,2812.31234866951,
2844.81,2818.3793506270954,
2861.91,2839.12420028398,
2863.85,2856.8490170333403,
2854.42,2865.635074922186,
2873.01,2860.6672819462933,
2871.85,2861.6937284917954,
2869.6,2877.222170541271,
2867.71,2865.1139736166942,
2834.53,2864.3016790146567,
2819.69,2831.9215251597643,
2837.17,2816.716981185368,
2860.67,2839.1965135094797,
2856.14,2862.3890136334026,
2846.82,2850.1262741567452,
2775.81,2851.8148718193006,
2789.71,2777.444017951571,
2808.84,2787.1777016959168,
2795.48,2799.0679039880874,
2809.66,2788.079300920211,
2806.66,2822.094385536722,
2870.36,2809.4547666660983,
2885.92,2868.500332508865,
2889.11,2885.0146940286713,
2883.36,2896.037088200958,
2896.35,2883.9385688683496,
2909.59,2898.6466304214036,
2928.3,2910.3277918650324,
2908.48,2924.248117787305,
2876.51,2913.3118089171294,
2884.12,2873.4351235766617,
2838.61,2879.6863865971986,
2878.99,2838.225324451789,
2881.13,2875.4909205195713,
2888.96,2871.1938881159176,
2925.94,2887.3027042956332,
2921.89,2925.056710687719,
2925.42,2918.032122258924,
2943.47,2926.4655673263396,
2925.48,2943.966209914026,
2942.07,2917.7283054204345,
3009.86,2945.2117796773578,
3084.24,3003.1041516663627,
3159.16,3076.960001315777,
3374.14,3154.156548690269,
3381.76,3372.393186918118,
3429.94,3392.9850729329746,
3442.02,3433.747118359034,
3351.78,3455.0671230382563,
3390.12,3345.6828293791878,
3348.03,3402.345614041496,
3313.76,3336.7413047628374,
3162.03,3301.3875781145857,
3185.89,3157.070451761345,
3287.92,3206.510304782915,
3286.81,3276.3778611833395,
3291.36,3274.4145186895335,
3284.11,3309.1726075402803,
3158.29,3298.308579439752,
3163.23,3157.602786361473,
3185.89,3159.1367210300473,
3243.39,3170.32568883556,
3231.52,3237.26062632892,
3249.34,3250.6463898163447,
3281.1,3246.2784464183765,
3312.13,3289.489499669893,
3292.31,3305.6948295348006,
3292.2,3288.5493391796426,
3263.75,3292.719149466404,
3285.76,3237.2261586229442,
3262.82,3274.2600883227387,
3249.74,3266.6716551635586,
3241.84,3245.0572248360777,
3288.51,3237.4103192421976,
3368.85,3281.544250845046,
3367.33,3374.3615097874986,
3307.66,3359.936034273783,
3264.53,3319.7603580913683,
3284.73,3260.313493750597,
3298.72,3286.1618095467998,
3310.84,3292.659331863586,
3277.89,3308.345336280341,
3290.79,3290.5971448008427,
3368.44,3295.4111211017735,
3343.89,3362.9776120715,
3355.1,3331.836216312642,
3347.3,3349.327716513686,
3334.41,3349.4848364051295,
3309.21,3332.0913331773263,
3253.43,3312.100760936727,
3289.91,3257.535644661977,
3235.7,3287.832749471652,
3245.5,3220.4474312548455,
3265.5,3250.7974706358045,
3294.15,3266.694275673989,
3317.64,3297.2746691966418,
3295.58,3307.9610607649047,
3264.69,3293.8803138058884,
3347.78,3259.0513578291875,
3311.59,3344.426233354507,
3270.52,3309.3036151031224,
3275.74,3269.0623562795154,
3218.72,3284.4449553866143,
3229.78,3213.7330224531424,
3250.5,3236.515704084837,
3241.32,3250.0175306542737,
3232.42,3246.078485741759,
3286.86,3244.681077363482,
3387.88,3299.578073159088,
3386.89,3384.3834393036677,
3369.5,3386.1272685835,
3371.4,3360.6500533599415,
3380.17,3367.674528999028,
3354.31,3390.1549496461084,
3363.5,3358.564740172694,
3377.42,3368.2326444270084,
3369.53,3374.443984014794,
3346.61,3351.0716907957926,
3304.7,3352.8970139106477,
3294.09,3297.1926701674874,
3313.23,3294.009119419787,
3324.44,3312.1376770332276,
3280.38,3322.834110570254,
3265.9,3291.6944559128606,
3307.48,3255.7282911820134,
3332.19,3313.7957741582563,
3369.5,3336.1199574423504,
3359.12,3377.1709096496156,
3418.28,3354.9691645689595,
3416.14,3420.698251196322,
3411.23,3409.0574528031702,
3397.35,3422.7645500262984,
3338.31,3401.702498196055,
3377.11,3333.765116080277,
3379.27,3376.512542911716,
3387.04,3360.792718343392,
3410.09,3389.4058035201188,
3411.93,3420.161134657659,
3469.8,3413.2934427051473,
3442.72,3460.473218139386,
3420.29,3441.7117073380055,
3445.74,3436.578315344855,
3498.66,3445.332487437655,
3469.42,3499.211614209667,
3554.01,3478.576990484849,
3545.34,3579.3181394706726,
3536.81,3547.376217215008,
3541.52,3520.57807566579,
3509.94,3534.3835151075905,
3499.06,3503.0013964572545,
3468.53,3493.83050897084,
3459.03,3465.329420183886,
3427.86,3459.8012206290537,
3467.77,3430.247102321399,
3468.83,3471.4729199456983,
3485.4,3459.443577925905,
3539.54,3477.080223203453,
3507.97,3542.675598491251,
3522.26,3503.861365854183,
3470.9,3518.5723554227775,
3494.59,3459.6777994640206,
3489.27,3501.9129627459597,
3512.49,3493.6351883900547,
3523.84,3517.216844490435,
3517.35,3527.5627345861685,
3574.13,3512.9542250387913,
3640.64,3579.5737372014096,
3643.36,3646.931107214691,
3683.36,3633.1901637097453,
3736.65,3675.6966148313104,
3808.07,3729.3118456898023,
3788.32,3795.809096945253,
3776.53,3765.3897960664626,
3906.12,3770.519809336216,
3873.23,3907.981579528069,
3811.22,3871.391500700402,
3817.93,3786.556337688548,
3849.4,3829.597686570141,
3808.69,3857.3743323465656,
3814.65,3811.0210461695206,
3850.06,3809.8960125072113,
3846.39,3850.76325137687,
3898.15,3844.666631482483,
3813.29,3895.0251943891913,
3818.27,3807.6096890819263,
3735.03,3808.954453834939,
3713.25,3718.2862997622465,
3746.37,3712.1881521700057,
3771.47,3735.633864394597,
3775.72,3759.6175586709273,
3801.62,3770.8869212077902,
3840.77,3812.904204114706,
3890.47,3849.7190173715458,
3952.83,3892.515986068793,
4028.53,3946.7901544231836,
4014.32,4026.5078843447573,
4014.46,4010.2086750269254,
3881.87,4005.450320382796,
3897.72,3884.811631652647,
3805.47,3915.2286736567735,
3851.03,3801.9982086436085,
3756.86,3852.0155675582514,
3787.87,3757.578894025404,
3718.77,3815.045423228249,
3817.41,3704.190106081264,
3708.66,3811.576378457036,
3688.68,3699.1356826897095,
3573.43,3675.92554067672,
3509.61,3582.469303200187,
3532.05,3512.4155732777963,
3625.31,3548.6617559666297,
3632.58,3627.88735888409,
3566.88,3650.3408871982333,
3599.16,3561.388805711745,
3590.83,3604.756913608449,
3605.6,3582.9242984618377,
3512.02,3601.9462492005355,
3538.43,3512.6190445361526,
3516.36,3549.275402596983,
3466.04,3508.2371076109544,
3463.87,3463.2039661912036,
3529.73,3472.916400576926,
3537.71,3529.3965891558364,
3577.24,3537.8059326264097,
3539.37,3576.8703670413865,
3582.65,3530.294811338151,
3616.76,3574.402231633312,
3594.71,3613.3624350423847,
3558.47,3581.2076210770733,
3573.04,3556.413730511505,
3514.11,3556.295214820498,
3477.07,3505.6622089331822,
3461.46,3463.311741360758,
3469.17,3470.3509108452154,
3431.49,3461.014062159983,
3448.1,3422.8204692919862,
3513.4,3431.7262264916817,
3510.12,3506.2632362974023,
3516.1,3495.4002415598393,
3487.43,3516.00048463489,
3524.02,3482.965953571402,
3467.66,3521.8313314350153,
3476.3,3466.963540926713,
3473.04,3475.4911327183945,
3517.21,3467.6556889157346,
3491.19,3503.7913051034557,
3449.94,3488.9750716704184,
3406.31,3450.8178316559265,
3399.98,3420.3194810694863,
3437.71,3389.456987923371,
3447.86,3437.610953028644,
3413.89,3448.7803367000583,
3503.04,3401.486176615425,
3539.91,3499.813860655328,
3537.7,3538.251641948098,
3511.47,3525.1893936658516,
3522.45,3507.2160340330684,
3481.86,3519.305569631229,
3497.75,3480.6657714750922,
3641.29,3493.025286255011,
3657.19,3630.9575259007215,
3664.94,3647.578174581352,
3659.3,3663.643891806784,
3650.22,3667.5315526452205,
3650.9,3640.7323115647437,
3622.4,3631.309801005862,
3591.16,3612.407653132801,
3612.7,3580.6143508675086,
3601.11,3617.2078120109622,
3580.28,3608.1742534466925,
3587.53,3580.004235731353,
3607.68,3597.0768858407396,
3576.78,3610.769517020819,
3528.67,3586.9250602247535,
3486.29,3530.5525755618964,
3481.6,3491.2340082191317,
3454.59,3480.656390892976,
3431.25,3458.13330103366,
3464.71,3434.7918396604605,
3471.34,3469.5278197614252,
3483.91,3467.982643524173,
3535.02,3490.007747838956,
3520.74,3542.364516139158,
3482.73,3519.1308960619012,
3498.65,3469.9855657716453,
3535.25,3504.3708650009858,
3408.24,3533.3884792480317,
3404.79,3398.181338628617,
3405.28,3405.3192250429356,
3424.39,3387.7385486062544,
3373.26,3406.709313447049,
3361.59,3374.226067904623,
3384.51,3357.4162612854757,
3391.74,3386.5857639755145,
3339.38,3388.3225867096126,
3411.29,3345.748411144924,
3369.9,3413.5444992588837,
3385.37,3370.6746630012826,
3378.63,3365.409935473815,
3388.52,3369.2074136161436,
3392.72,3385.930644943316,
3357.45,3394.9448600397986,
3228.37,3364.4615328487257,
3126.38,3224.108147186528,
3154.64,3131.8960902963368,
3182.8,3143.6430960369526,
3132.82,3173.007046070336,
3211.14,3124.5434033711476,
3223.83,3222.5934842101396,
3233.1,3212.527204427363,
3227.36,3212.043369926008,
3195.7,3228.716617742146,
3235.21,3202.66699599266,
3288.65,3230.2279000725503,
3262.58,3282.9702806408254,
3226.11,3250.4584864266276,
3217.84,3212.549935080694,
3222.62,3228.579294997301,
3149.88,3239.2680205423285,
3190.55,3145.780017923368,
3144.37,3200.273101653543,
3072.75,3140.2859765555363,
3099.89,3064.0023877186977,
3147.77,3107.9700060951714,
3159.8,3136.446808767661,
3088.83,3158.8733023904488,
3123.05,3092.928067194698,
3112.7,3127.7153346349573,
3097.06,3115.4258473956556,
3165.04,3080.470575801109,
3167.1,3174.2714190894353,
3175.88,3159.467376150201,
3211.2,3166.9384975324165,
3248.05,3214.3864134465553,
3213.26,3253.4963529392085,
3204.28,3201.5700709308826,
3252.32,3195.57504361127,
3242.04,3255.3094100412013,
3188.26,3248.490762007969,
3146.63,3187.5804502820265,
3128.59,3146.656041405941,
3161.92,3126.564789609001,
3122.34,3153.4756957771424,
3127.82,3118.6530961945728,
3145.11,3126.0171631625303,
3199.97,3148.2213483531414,
3211.15,3214.7519594284754,
3199.23,3208.0490235876337,
3196.99,3197.260293843909,
3256.26,3198.1718085281896,
3276.41,3253.395579671998,
3259.38,3276.506554046003,
3292.76,3272.5523183555274,
3270.69,3294.02595797154,
3294.83,3262.9337707748014,
3229.63,3287.031200161428,
3256.67,3228.290814447172,
3255.0,3260.4084072525484,
3278.54,3248.22346656489,
3318.13,3280.3654380184835,
3312.3,3331.7834548313194,
3290.04,3307.5115411195525,
3247.1,3296.4880863805024,
3239.61,3243.5381937382544,
3267.25,3236.3808385829184,
3250.92,3264.229703453278,
3212.03,3248.611563988314,
3181.45,3212.7230256662942,
3207.26,3178.2632580404324,
3201.55,3208.4053928693943,
3196.27,3201.824939550071,
3186.96,3210.400899215127,
3170.4,3191.9068382429296,
3233.37,3161.7969384575495,
3220.55,3230.1923068285155,
3221.69,3208.618843185301,
3222.17,3216.2508979192557,
3208.78,3228.812958723259,
3173.38,3215.216527060178,
3212.91,3176.4918883209116,
3212.15,3213.6834340761434,
3224.15,3209.4906932217846,
3231.84,3226.6876751448503,
3218.05,3242.8401260592,
3187.36,3218.37173959009,
3187.05,3186.75084797915,
3165.35,3184.8167022099956,
3180.42,3165.729684152347,
3190.87,3176.2138329726686,
3221.42,3189.3079431362867,
3228.14,3217.646968525647,
3254.5,3234.5876334465447,
3304.71,3257.0709240688802,
3360.18,3304.212957297289,
3353.63,3365.070691723599,
3366.07,3344.747459457605,
3350.5,3370.395860672379,
3318.98,3361.277138648641,
3330.86,3328.7253924502425,
3278.9,3330.1698233882144,
3255.35,3275.8089758045276,
3273.03,3261.5256800874704,
3260.57,3279.612182060006,
3287.19,3259.085790067013,
3290.24,3287.693987995053,
3278.44,3287.3054351561136,
3303.4,3273.9579030222135,
3240.85,3303.8952558670044,
3261.79,3239.4965238744467,
3274.32,3270.591948326663,
3264.07,3274.5332941480942,
3254.28,3249.4444324145043,
3210.39,3265.61400737827,
3223.27,3209.730371966653,
3236.12,3229.627700971567,
3214.53,3237.5073577340613,
3236.31,3219.6933856699766,
3184.11,3243.0596306415055,
3139.05,3184.8091502101506,
3147.7,3144.202559549377,
3187.52,3155.121184877434,
3187.19,3187.1130583003433,
3233.7,3192.5042658389602,
3218.74,3236.052335428002,
3209.74,3217.2812992558474,
3144.95,3206.7006029071667,
3163.67,3145.4503791402963,
3119.24,3158.849380041468,
3054.02,3112.6607090805473,
3114.26,3051.191933233661,
3116.5,3130.296102203113,
3139.56,3106.1490362957575,
3145.11,3140.4750583240757,
3142.91,3146.567540121494,
3104.0,3140.8449885356713,
3119.93,3108.660703760361,
3136.08,3123.0482096634273,
3139.18,3136.571780737817,
3162.82,3137.4179774321465,
3144.87,3169.8534540028722,
3102.32,3137.514597183654,
3118.04,3089.599335354688,
3059.64,3113.6080620760135,
3075.59,3047.2213250660575,
3080.78,3080.1227671527067,
3125.69,3077.4522632454505,
3107.24,3121.317551290764,
3097.09,3107.384972161166,
3062.38,3095.7471991099687,
2974.68,3066.8700674902084,
2933.16,2976.0108141552864,
2907.18,2932.350407740429,
2933.46,2893.1610480448817,
2935.68,2922.165427686054,
2851.88,2911.203497680464,
2702.85,2855.83979345032,
2827.75,2719.2986807242287,
2877.22,2829.399787845888,
2913.19,2871.4817029061887,
2892.11,2902.5397332909133,
2900.77,2905.4839526076335,
2916.51,2901.9964073638444,
2903.62,2918.642452296924,
2856.43,2900.930040888048,
2853.18,2864.951321174084,
2842.15,2852.480752053391,
2915.49,2845.1256116791565,
2898.83,2907.6868873551125,
2943.24,2897.518453850523,
2931.2,2946.8488579942946,
2902.48,2930.5265743749615,
2925.49,2899.490379201704,
2846.38,2928.123783619843,
2894.26,2838.145273556492,
2882.28,2891.2782880567406,
2928.6,2870.428655012436,
2930.58,2922.806734391221,
2887.72,2932.048846921703,
2861.57,2888.8619658092566,
2835.35,2859.5652298902796,
2797.53,2837.878984268422,
2814.13,2796.111195567378,
2683.41,2815.669915377241,
2681.03,2684.1379057493214,
2734.54,2694.4254876129858,
2769.71,2748.0917310591,
2805.34,2774.2692861648347,
2800.93,2808.592562153186,
2719.76,2790.3371860674933,
2695.13,2719.412050847669,
2718.37,2700.7658521648823,
2741.23,2718.5563315022137,
2721.77,2739.272534171092,
2748.24,2720.8093734465706,
2720.41,2758.5206454436575,
2756.74,2726.214113552555,
2745.53,2758.261129157063,
2744.55,2737.823203746637,
2807.94,2730.697684831251,
2782.55,2814.6243810225487,
2734.19,2766.852744446233,
2743.42,2739.764722807,
2744.9,2743.0441027237575,
2763.07,2737.7995544989144,
2778.45,2766.7350712929097,
2813.22,2779.522233115061,
2798.07,2811.3420598881366,
2790.32,2794.821509863061,
2825.65,2785.375513748286,
2846.81,2814.697232189827,
2879.31,2837.904199803156,
2868.42,2877.407713764015,
2899.58,2860.0673708915624,
2844.72,2900.804617087047,
2882.7,2844.193346883902,
2923.99,2862.929697015818,
2891.34,2925.55043400509,
2936.2,2891.1352980328447,
2924.92,2940.9685246666204,
2926.48,2929.640058397955,
2892.29,2920.6479821212965,
2935.88,2892.0241796003443,
2974.75,2938.384767786041,
3013.95,2981.2543511286963,
3039.41,3021.613583442023,
3009.24,3041.475003491273,
3058.4,3010.0750416202654,
3045.27,3058.008142755989,
3050.15,3046.493064813613,
3052.11,3034.5152830288134,
2996.73,3048.164404069836,
2989.21,2991.7270984659476,
2993.31,2983.933430119246,
2942.3,2988.0424515984905,
2922.0,2937.3043086606394,
2914.29,2932.2017368564034,
2895.3,2919.917089466948,
2839.39,2893.314959486602,
2878.64,2855.8670817322227,
2865.6,2892.7970349267243,
2874.08,2853.8308017651243,
2836.66,2867.105340358969,
2848.44,2836.7962379383466,
2837.26,2857.453152500326,
2854.64,2844.1394298465043,
2829.92,2859.1484152087037,
2827.11,2827.4568768746617,
2792.33,2841.4064599731432,
2781.68,2806.540901349446,
2730.76,2786.195736023317,
2710.72,2730.1244649556543,
2741.09,2712.571754187121,
2774.34,2750.137077853852,
2761.16,2764.843755631385,
2764.07,2763.0735592327514,
2730.96,2766.6423614876458,
2787.06,2730.2903594013796,
2796.89,2790.266662825785,
2782.67,2787.1249669909216,
2769.26,2782.226284878662,
2785.85,2776.7861365985127,
2759.29,2787.0428785710997,
2750.63,2756.3737714488884,
2756.37,2748.2181083721475,
2735.67,2757.5200108537365,
2708.09,2743.2333998418044,
2752.56,2712.5399521281597,
2751.59,2753.843460549521,
2732.21,2751.913558018086,
2726.66,2727.1947812381936,
2761.78,2724.8224691110054,
2732.4,2764.139661232017,
2711.26,2732.3975345709855,
2697.77,2709.134455941855,
2724.5,2691.5248795212,
2710.69,2722.426361527272,
2708.28,2703.211802695013,
2757.57,2716.922407965649,
2769.23,2760.9357225623207,
2745.43,2770.004081638576,
2743.79,2741.1250760731773,
2678.03,2749.989862975901,
2679.59,2677.0489295081316,
2673.88,2686.9656085327515,
2652.21,2675.7602426057615,
2629.37,2649.9485580745313,
2629.81,2636.3217199684905,
2614.9,2634.404896120719,
2642.92,2620.144106141976,
2611.98,2656.5119514283797,
2608.98,2614.93001717232,
2610.12,2609.6358356976516,
